Workbook

Sheet Model_comparison
A1: Model Name | B1: Dependent Variable | C1: Independent Variables | D1: R-squared | E1: Adj R-squared | F1: F-statistic | G1: Key coefficient | H1: P-value | I1: Significant Variables | J1: Business Usefulness | K1: Limitation | L1: Decision
A2: Simple Regression - Footfall | B2: monthly_sales | C2: footfall | D2: =Simple_regression_footfall!$E$10 -> 0.73628534 | E2: =Simple_regression_footfall!E11 -> 0.73545605 | F2: =Simple_regression_footfall!H17 -> 887.84878 | G2: =Simple_regression_footfall!E23 -> 35.678031 | H2: =Simple_regression_footfall!H23 -> 4.7503615e-94 | I2: footfall | J2: Useful because footfall directly represents customer traffic and has a clear business link to sales. | K2: Does not control for marketing, inventory, staffing, customer rating, holiday months or store type. | L2: Useful simple model
A3: Simple Regression - Marketing Spend | B3: monthly_sales | C3: marketing_spend | D3: =Simple_regression_marketing!E10 -> 0.16724469 | E3: =Simple_regression_marketing!E11 -> 0.16462596 | F3: =Simple_regression_marketing!H17 -> 63.864873 | G3: =Simple_regression_marketing!E23 -> 2.1295753 | H3: =Simple_regression_marketing!H23 -> 2.4800615e-14 | I3: marketing_spend | J3: Useful for understanding whether higher marketing spend is associated with higher sales, but it does not explain sales as strongly as footfall. | K3: Does not show whether marketing remains important after controlling for footfall and other factors. | L3: Useful simple model
A4: Simple Regression - Avg Discount | B4: monthly_sales | C4: avg_discount_pct | D4: =Simple_regression_avg_discount!E11 -> 0.008290503 | E4: =Simple_regression_avg_discount!E12 -> 0.0051719197 | F4: =Simple_regression_avg_discount!H18 -> 2.6584196 | G4: =Simple_regression_avg_discount!E24 -> -138730.45 | H4: =Simple_regression_avg_discount!H24 -> 0.10399305 | I4: None at 5% significance ( as p-value > 0.05) | J4: Limited usefulness because discounting alone explains very little variation in monthly sales. | K4: Discounts may reflect promotional pressure or weak demand, so the coefficient should not be over-interpreted. | L4: Weak simple model
A5: Multiple Regression | B5: monthly_sales | C5: footfall,marketing_spend,avg_discount_pct,inventory_availability_pct,clean_customer_rating,staff_count,holiday_flag,store_type_high_street,store_type_mall,store_type_residential | D5: =Multiple_regression!N10 -> 0.82813225 | E5: =Multiple_regression!N11 -> 0.82257019 | F5: =Multiple_regression!Q17 -> 148.8894 | G5: =Multiple_regression!N24 -> 27.90495 | H5: =Multiple_regression!Q24 -> 2.0293133e-24 | I5: marketing_spend, footfall, avg_discount_pct, inventory_availability_pct, clean_customer_rating, staff_count, holiday_flag, store_type_residential | J5: Most useful model because it compares several business drivers together and has the strongest explanatory power. | K5: Still shows association, not causation, and may miss store size, local demand, product mix, and market conditions. | L5: Final selected model

Sheet Cleaned_data
A1: store_id | B1: month | C1: region | D1: store_type | E1: marketing_spend | F1: footfall | G1: avg_discount_pct | H1: staff_count | I1: inventory_availability_pct | J1: competitor_distance_km | K1: clean_competitor_distance_km | L1: competitor_distance_missing_flag | M1: holiday_flag | N1: customer_rating | O1: clean_customer_rating | P1: customer_rating_missing_flag | Q1: monthly_sales | R1: monthly_profit
A2: STR-1001 | B2: 45658 | C2: East | D2: Residential | E2: 70389.11 | F2: 8302 | G2: 0.042 | H2: 17 | I2: 75 | J2: 5.28 | K2: =IF(ISBLANK(J2),MEDIAN($J$2:$J$321),J2) -> 5.28 | L2: =IF(ISBLANK(J2),1,0) -> 0 | M2: 1 | N2: 3.1 | O2: =IF(ISBLANK(N2),MEDIAN($N$2:$N$321),N2) -> 3.1 | P2: =IF(ISBLANK(N2),1,0) -> 0 | Q2: 658832.62 | R2: 84349.93
A3: STR-1001 | B3: 45689 | C3: East | D3: Residential | E3: 43827.89 | F3: 8487 | G3: 0.168 | H3: 23 | I3: 84.4 | J3: 4.31 | K3: =IF(ISBLANK(J3),MEDIAN($J$2:$J$321),J3) -> 4.31 | L3: =IF(ISBLANK(J3),1,0) -> 0 | M3: 0 | N3: 2.8 | O3: =IF(ISBLANK(N3),MEDIAN($N$2:$N$321),N3) -> 2.8 | P3: =IF(ISBLANK(N3),1,0) -> 0 | Q3: 634436 | R3: 106130.54
A4: STR-1001 | B4: 45717 | C4: East | D4: Residential | E4: 59921.75 | F4: 9113 | G4: 0.133 | H4: 20 | I4: 88 | J4: 12 | K4: =IF(ISBLANK(J4),MEDIAN($J$2:$J$321),J4) -> 12 | L4: =IF(ISBLANK(J4),1,0) -> 0 | M4: 0 | N4: 3.2 | O4: =IF(ISBLANK(N4),MEDIAN($N$2:$N$321),N4) -> 3.2 | P4: =IF(ISBLANK(N4),1,0) -> 0 | Q4: 678722.06 | R4: 101883.86
A5: STR-1001 | B5: 45748 | C5: East | D5: Residential | E5: 56856.63 | F5: 9431 | G5: 0.142 | H5: 23 | I5: 86.9 | J5: 4.97 | K5: =IF(ISBLANK(J5),MEDIAN($J$2:$J$321),J5) -> 4.97 | L5: =IF(ISBLANK(J5),1,0) -> 0 | M5: 0 | N5: 3.4 | O5: =IF(ISBLANK(N5),MEDIAN($N$2:$N$321),N5) -> 3.4 | P5: =IF(ISBLANK(N5),1,0) -> 0 | Q5: 658920.3 | R5: 97910.37
A6: STR-1002 | B6: 45658 | C6: East | D6: High Street | E6: 48412.64 | F6: 9545 | G6: 0.231 | H6: 21 | I6: 97.6 | J6: 6.94 | K6: =IF(ISBLANK(J6),MEDIAN($J$2:$J$321),J6) -> 6.94 | L6: =IF(ISBLANK(J6),1,0) -> 0 | M6: 1 | N6: 4.2 | O6: =IF(ISBLANK(N6),MEDIAN($N$2:$N$321),N6) -> 4.2 | P6: =IF(ISBLANK(N6),1,0) -> 0 | Q6: 741341.44 | R6: 119208.17
A7: STR-1002 | B7: 45689 | C7: East | D7: High Street | E7: 64811.21 | F7: 9792 | G7: 0.112 | H7: 20 | I7: 84.2 | J7: 2.88 | K7: =IF(ISBLANK(J7),MEDIAN($J$2:$J$321),J7) -> 2.88 | L7: =IF(ISBLANK(J7),1,0) -> 0 | M7: 0 | N7: 4.2 | O7: =IF(ISBLANK(N7),MEDIAN($N$2:$N$321),N7) -> 4.2 | P7: =IF(ISBLANK(N7),1,0) -> 0 | Q7: 761835.34 | R7: 149602.23
A8: STR-1002 | B8: 45717 | C8: East | D8: High Street | E8: 46213.45 | F8: 10616 | G8: 0.122 | H8: 22 | I8: 85.2 | J8: 0.2 | K8: =IF(ISBLANK(J8),MEDIAN($J$2:$J$321),J8) -> 0.2 | L8: =IF(ISBLANK(J8),1,0) -> 0 | M8: 1 | N8: 4.1 | O8: =IF(ISBLANK(N8),MEDIAN($N$2:$N$321),N8) -> 4.1 | P8: =IF(ISBLANK(N8),1,0) -> 0 | Q8: 806615.54 | R8: 131364.62
A9: STR-1002 | B9: 45748 | C9: East | D9: High Street | E9: 68148.52 | F9: 8567 | G9: 0.127 | H9: 23 | I9: 95.6 | J9: 0.8 | K9: =IF(ISBLANK(J9),MEDIAN($J$2:$J$321),J9) -> 0.8 | L9: =IF(ISBLANK(J9),1,0) -> 0 | M9: 0 | N9: 3.9 | O9: =IF(ISBLANK(N9),MEDIAN($N$2:$N$321),N9) -> 3.9 | P9: =IF(ISBLANK(N9),1,0) -> 0 | Q9: 850164.26 | R9: 149262.75
A10: STR-1003 | B10: 45658 | C10: North | D10: Airport | E10: 71838.86 | F10: 10979 | G10: 0.215 | H10: 26 | I10: 88.6 | J10: 7.7 | K10: =IF(ISBLANK(J10),MEDIAN($J$2:$J$321),J10) -> 7.7 | L10: =IF(ISBLANK(J10),1,0) -> 0 | M10: 1 | N10: 3.8 | O10: =IF(ISBLANK(N10),MEDIAN($N$2:$N$321),N10) -> 3.8 | P10: =IF(ISBLANK(N10),1,0) -> 0 | Q10: 930581.7 | R10: 136207.98
A11: STR-1003 | B11: 45689 | C11: North | D11: Airport | E11: 68133.44 | F11: 9459 | G11: 0.22 | H11: 21 | I11: 85 | J11: 1.91 | K11: =IF(ISBLANK(J11),MEDIAN($J$2:$J$321),J11) -> 1.91 | L11: =IF(ISBLANK(J11),1,0) -> 0 | M11: 0 | N11: 4.2 | O11: =IF(ISBLANK(N11),MEDIAN($N$2:$N$321),N11) -> 4.2 | P11: =IF(ISBLANK(N11),1,0) -> 0 | Q11: 779010.94 | R11: 106328.09
A12: STR-1003 | B12: 45717 | C12: North | D12: Airport | E12: 34285.21 | F12: 9172 | G12: 0.213 | H12: 22 | I12: 88.3 | J12: 10.46 | K12: =IF(ISBLANK(J12),MEDIAN($J$2:$J$321),J12) -> 10.46 | L12: =IF(ISBLANK(J12),1,0) -> 0 | M12: 1 | N12: 3.8 | O12: =IF(ISBLANK(N12),MEDIAN($N$2:$N$321),N12) -> 3.8 | P12: =IF(ISBLANK(N12),1,0) -> 0 | Q12: 723060.76 | R12: 123131.24
A13: STR-1003 | B13: 45748 | C13: North | D13: Airport | E13: 67979.88 | F13: 11230 | G13: 0.002 | H13: 28 | I13: 85.3 | J13: 7.16 | K13: =IF(ISBLANK(J13),MEDIAN($J$2:$J$321),J13) -> 7.16 | L13: =IF(ISBLANK(J13),1,0) -> 0 | M13: 0 | N13: 3.8 | O13: =IF(ISBLANK(N13),MEDIAN($N$2:$N$321),N13) -> 3.8 | P13: =IF(ISBLANK(N13),1,0) -> 0 | Q13: 910791.94 | R13: 158891.28
... A34: STR-1009 | B34: 45658 | C34: North | D34: Residential | E34: 54597.83 | F34: 9429 | G34: 0.188 | H34: 21 | I34: 83.3 | J34: 11.71 | K34: =IF(ISBLANK(J34),MEDIAN($J$2:$J$321),J34) -> 11.71 | L34: =IF(ISBLANK(J34),1,0) -> 0 | M34: 0 | N34: 4.2 | O34: =IF(ISBLANK(N34),MEDIAN($N$2:$N$321),N34) -> 4.2 | P34: =IF(ISBLANK(N34),1,0) -> 0 | Q34: 641865.03 | R34: 81342.58
A35: STR-1009 | B35: 45689 | C35: North | D35: Residential | E35: 73771.91 | F35: 11695 | G35: 0.07 | H35: 25 | I35: 84.7 | J35: 0.62 | K35: =IF(ISBLANK(J35),MEDIAN($J$2:$J$321),J35) -> 0.62 | L35: =IF(ISBLANK(J35),1,0) -> 0 | M35: 0 | O35: =IF(ISBLANK(N35),MEDIAN($N$2:$N$321),N35) -> 3.9 | P35: =IF(ISBLANK(N35),1,0) -> 1 | Q35: 799477.76 | R35: 164974.41
A36: STR-1009 | B36: 45717 | C36: North | D36: Residential | E36: 74413.88 | F36: 9449 | G36: 0.039 | H36: 23 | I36: 92.1 | J36: 2.12 | K36: =IF(ISBLANK(J36),MEDIAN($J$2:$J$321),J36) -> 2.12 | L36: =IF(ISBLANK(J36),1,0) -> 0 | M36: 0 | N36: 3.5 | O36: =IF(ISBLANK(N36),MEDIAN($N$2:$N$321),N36) -> 3.5 | P36: =IF(ISBLANK(N36),1,0) -> 0 | Q36: 798952.17 | R36: 161499.04
A37: STR-1009 | B37: 45748 | C37: North | D37: Residential | E37: 52483.77 | F37: 10453 | G37: 0.247 | H37: 25 | I37: 99 | J37: 6.31 | K37: =IF(ISBLANK(J37),MEDIAN($J$2:$J$321),J37) -> 6.31 | L37: =IF(ISBLANK(J37),1,0) -> 0 | M37: 0 | N37: 3.6 | O37: =IF(ISBLANK(N37),MEDIAN($N$2:$N$321),N37) -> 3.6 | P37: =IF(ISBLANK(N37),1,0) -> 0 | Q37: 800979.78 | R37: 149242.27
A38: STR-1010 | B38: 45658 | C38: North | D38: Mall | E38: 75269.87 | F38: 8838 | G38: 0.092 | H38: 21 | I38: 83.1 | J38: 9.56 | K38: =IF(ISBLANK(J38),MEDIAN($J$2:$J$321),J38) -> 9.56 | L38: =IF(ISBLANK(J38),1,0) -> 0 | M38: 1 | N38: 4.2 | O38: =IF(ISBLANK(N38),MEDIAN($N$2:$N$321),N38) -> 4.2 | P38: =IF(ISBLANK(N38),1,0) -> 0 | Q38: 820593.93 | R38: 115860.06
A39: STR-1010 | B39: 45689 | C39: North | D39: Mall | E39: 61245.41 | F39: 8156 | G39: 0.156 | H39: 19 | I39: 92.9 | J39: 9.05 | K39: =IF(ISBLANK(J39),MEDIAN($J$2:$J$321),J39) -> 9.05 | L39: =IF(ISBLANK(J39),1,0) -> 0 | M39: 0 | N39: 3.8 | O39: =IF(ISBLANK(N39),MEDIAN($N$2:$N$321),N39) -> 3.8 | P39: =IF(ISBLANK(N39),1,0) -> 0 | Q39: 718330.53 | R39: 93247.9
A40: STR-1010 | B40: 45717 | C40: North | D40: Mall | E40: 93381.26 | F40: 7562 | G40: 0.198 | H40: 19 | I40: 82.9 | J40: 5.05 | K40: =IF(ISBLANK(J40),MEDIAN($J$2:$J$321),J40) -> 5.05 | L40: =IF(ISBLANK(J40),1,0) -> 0 | M40: 0 | N40: 4 | O40: =IF(ISBLANK(N40),MEDIAN($N$2:$N$321),N40) -> 4 | P40: =IF(ISBLANK(N40),1,0) -> 0 | Q40: 736633.4 | R40: 115654.66
A41: STR-1010 | B41: 45748 | C41: North | D41: Mall | E41: 65012.19 | F41: 9598 | G41: 0.085 | H41: 24 | I41: 98.3 | J41: 0.89 | K41: =IF(ISBLANK(J41),MEDIAN($J$2:$J$321),J41) -> 0.89 | L41: =IF(ISBLANK(J41),1,0) -> 0 | M41: 0 | N41: 3.8 | O41: =IF(ISBLANK(N41),MEDIAN($N$2:$N$321),N41) -> 3.8 | P41: =IF(ISBLANK(N41),1,0) -> 0 | Q41: 828623.85 | R41: 167320.52
A42: STR-1011 | B42: 45658 | C42: East | D42: Mall | E42: 40462.94 | F42: 3660 | G42: 0.218 | H42: 11 | I42: 95.2 | J42: 5.57 | K42: =IF(ISBLANK(J42),MEDIAN($J$2:$J$321),J42) -> 5.57 | L42: =IF(ISBLANK(J42),1,0) -> 0 | M42: 0 | N42: 4.4 | O42: =IF(ISBLANK(N42),MEDIAN($N$2:$N$321),N42) -> 4.4 | P42: =IF(ISBLANK(N42),1,0) -> 0 | Q42: 592195.85 | R42: 92291.56
A43: STR-1011 | B43: 45689 | C43: East | D43: Mall | E43: 46123.88 | F43: 3227 | G43: 0.143 | H43: 10 | I43: 75.4 | J43: 1.06 | K43: =IF(ISBLANK(J43),MEDIAN($J$2:$J$321),J43) -> 1.06 | L43: =IF(ISBLANK(J43),1,0) -> 0 | M43: 0 | N43: 4.4 | O43: =IF(ISBLANK(N43),MEDIAN($N$2:$N$321),N43) -> 4.4 | P43: =IF(ISBLANK(N43),1,0) -> 0 | Q43: 532644.46 | R43: 60681.32
A44: STR-1011 | B44: 45717 | C44: East | D44: Mall | E44: 68077.54 | F44: 3360 | G44: 0.128 | H44: 14 | I44: 88.2 | J44: 1.24 | K44: =IF(ISBLANK(J44),MEDIAN($J$2:$J$321),J44) -> 1.24 | L44: =IF(ISBLANK(J44),1,0) -> 0 | M44: 1 | N44: 4 | O44: =IF(ISBLANK(N44),MEDIAN($N$2:$N$321),N44) -> 4 | P44: =IF(ISBLANK(N44),1,0) -> 0 | Q44: 657429.18 | R44: 88919.74
A45: STR-1011 | B45: 45748 | C45: East | D45: Mall | E45: 64882.14 | F45: 3642 | G45: 0.019 | H45: 13 | I45: 87.8 | J45: 4.52 | K45: =IF(ISBLANK(J45),MEDIAN($J$2:$J$321),J45) -> 4.52 | L45: =IF(ISBLANK(J45),1,0) -> 0 | M45: 0 | N45: 4.2 | O45: =IF(ISBLANK(N45),MEDIAN($N$2:$N$321),N45) -> 4.2 | P45: =IF(ISBLANK(N45),1,0) -> 0 | Q45: 605178 | R45: 106958.74
A46: STR-1012 | B46: 45658 | C46: West | D46: Residential | E46: 138855.51 | F46: 5145 | G46: 0.06 | H46: 17 | I46: 88.2 | J46: 9.58 | K46: =IF(ISBLANK(J46),MEDIAN($J$2:$J$321),J46) -> 9.58 | L46: =IF(ISBLANK(J46),1,0) -> 0 | M46: 0 | N46: 3.2 | O46: =IF(ISBLANK(N46),MEDIAN($N$2:$N$321),N46) -> 3.2 | P46: =IF(ISBLANK(N46),1,0) -> 0 | Q46: 595467.6 | R46: 104276.46
A47: STR-1012 | B47: 45689 | C47: West | D47: Residential | E47: 63630.21 | F47: 4460 | G47: 0.235 | H47: 14 | I47: 98.6 | J47: 5.52 | K47: =IF(ISBLANK(J47),MEDIAN($J$2:$J$321),J47) -> 5.52 | L47: =IF(ISBLANK(J47),1,0) -> 0 | M47: 0 | N47: 3.5 | O47: =IF(ISBLANK(N47),MEDIAN($N$2:$N$321),N47) -> 3.5 | P47: =IF(ISBLANK(N47),1,0) -> 0 | Q47: 599603.4 | R47: 112685.12
... A72: STR-1018 | B72: 45717 | C72: East | D72: High Street | E72: 60571.82 | F72: 3193 | G72: 0.197 | H72: 7 | I72: 99 | J72: 1.43 | K72: =IF(ISBLANK(J72),MEDIAN($J$2:$J$321),J72) -> 1.43 | L72: =IF(ISBLANK(J72),1,0) -> 0 | M72: 0 | N72: 3.2 | O72: =IF(ISBLANK(N72),MEDIAN($N$2:$N$321),N72) -> 3.2 | P72: =IF(ISBLANK(N72),1,0) -> 0 | Q72: 605023.87 | R72: 98545.81
A73: STR-1018 | B73: 45748 | C73: East | D73: High Street | E73: 55081.16 | F73: 5485 | G73: 0.036 | H73: 12 | I73: 88 | K73: =IF(ISBLANK(J73),MEDIAN($J$2:$J$321),J73) -> 3.365 | L73: =IF(ISBLANK(J73),1,0) -> 1 | M73: 0 | N73: 3.5 | O73: =IF(ISBLANK(N73),MEDIAN($N$2:$N$321),N73) -> 3.5 | P73: =IF(ISBLANK(N73),1,0) -> 0 | Q73: 674774.09 | R73: 141917.59
A74: STR-1019 | B74: 45658 | C74: East | D74: Residential | E74: 46201.46 | F74: 5918 | G74: 0.277 | H74: 13 | I74: 78.8 | J74: 4.91 | K74: =IF(ISBLANK(J74),MEDIAN($J$2:$J$321),J74) -> 4.91 | L74: =IF(ISBLANK(J74),1,0) -> 0 | M74: 0 | N74: 4.5 | O74: =IF(ISBLANK(N74),MEDIAN($N$2:$N$321),N74) -> 4.5 | P74: =IF(ISBLANK(N74),1,0) -> 0 | Q74: 616069.41 | R74: 54453.99
A75: STR-1019 | B75: 45689 | C75: East | D75: Residential | E75: 53762.92 | F75: 6821 | G75: 0.066 | H75: 19 | I75: 94.6 | J75: 7.03 | K75: =IF(ISBLANK(J75),MEDIAN($J$2:$J$321),J75) -> 7.03 | L75: =IF(ISBLANK(J75),1,0) -> 0 | M75: 0 | N75: 4.4 | O75: =IF(ISBLANK(N75),MEDIAN($N$2:$N$321),N75) -> 4.4 | P75: =IF(ISBLANK(N75),1,0) -> 0 | Q75: 630829.94 | R75: 117090.02
A76: STR-1019 | B76: 45717 | C76: East | D76: Residential | E76: 70144.78 | F76: 6806 | G76: 0.178 | H76: 20 | I76: 93.1 | J76: 0.28 | K76: =IF(ISBLANK(J76),MEDIAN($J$2:$J$321),J76) -> 0.28 | L76: =IF(ISBLANK(J76),1,0) -> 0 | M76: 1 | N76: 4.3 | O76: =IF(ISBLANK(N76),MEDIAN($N$2:$N$321),N76) -> 4.3 | P76: =IF(ISBLANK(N76),1,0) -> 0 | Q76: 788087.68 | R76: 116803.42
A77: STR-1019 | B77: 45748 | C77: East | D77: Residential | E77: 58749.63 | F77: 8252 | G77: 0.203 | H77: 20 | I77: 85.2 | J77: 3.61 | K77: =IF(ISBLANK(J77),MEDIAN($J$2:$J$321),J77) -> 3.61 | L77: =IF(ISBLANK(J77),1,0) -> 0 | M77: 0 | N77: 4.5 | O77: =IF(ISBLANK(N77),MEDIAN($N$2:$N$321),N77) -> 4.5 | P77: =IF(ISBLANK(N77),1,0) -> 0 | Q77: 680840.36 | R77: 68007.68
A78: STR-1020 | B78: 45658 | C78: South | D78: High Street | E78: 56973.18 | F78: 6662 | G78: 0.1 | H78: 15 | I78: 77.7 | J78: 7.52 | K78: =IF(ISBLANK(J78),MEDIAN($J$2:$J$321),J78) -> 7.52 | L78: =IF(ISBLANK(J78),1,0) -> 0 | M78: 1 | N78: 3.2 | O78: =IF(ISBLANK(N78),MEDIAN($N$2:$N$321),N78) -> 3.2 | P78: =IF(ISBLANK(N78),1,0) -> 0 | Q78: 643657.47 | R78: 87022.45
A79: STR-1020 | B79: 45689 | C79: South | D79: High Street | E79: 54872.82 | F79: 5962 | G79: 0.064 | H79: 12 | I79: 85.4 | J79: 2.58 | K79: =IF(ISBLANK(J79),MEDIAN($J$2:$J$321),J79) -> 2.58 | L79: =IF(ISBLANK(J79),1,0) -> 0 | M79: 0 | N79: 2.9 | O79: =IF(ISBLANK(N79),MEDIAN($N$2:$N$321),N79) -> 2.9 | P79: =IF(ISBLANK(N79),1,0) -> 0 | Q79: 691112.6 | R79: 109212.83
A80: STR-1020 | B80: 45717 | C80: South | D80: High Street | E80: 80562.81 | F80: 7470 | G80: 0.172 | H80: 16 | I80: 83.5 | J80: 2.29 | K80: =IF(ISBLANK(J80),MEDIAN($J$2:$J$321),J80) -> 2.29 | L80: =IF(ISBLANK(J80),1,0) -> 0 | M80: 0 | N80: 3.3 | O80: =IF(ISBLANK(N80),MEDIAN($N$2:$N$321),N80) -> 3.3 | P80: =IF(ISBLANK(N80),1,0) -> 0 | Q80: 776922.17 | R80: 150701.93
A81: STR-1020 | B81: 45748 | C81: South | D81: High Street | E81: 77999.9 | F81: 5974 | G81: 0.252 | H81: 14 | I81: 81.3 | J81: 2.39 | K81: =IF(ISBLANK(J81),MEDIAN($J$2:$J$321),J81) -> 2.39 | L81: =IF(ISBLANK(J81),1,0) -> 0 | M81: 0 | N81: 3.2 | O81: =IF(ISBLANK(N81),MEDIAN($N$2:$N$321),N81) -> 3.2 | P81: =IF(ISBLANK(N81),1,0) -> 0 | Q81: 636561.34 | R81: 93861.06
A82: STR-1021 | B82: 45658 | C82: West | D82: Mall | E82: 60881.01 | F82: 5410 | G82: 0.179 | H82: 15 | I82: 83.9 | J82: 5.24 | K82: =IF(ISBLANK(J82),MEDIAN($J$2:$J$321),J82) -> 5.24 | L82: =IF(ISBLANK(J82),1,0) -> 0 | M82: 0 | N82: 4.6 | O82: =IF(ISBLANK(N82),MEDIAN($N$2:$N$321),N82) -> 4.6 | P82: =IF(ISBLANK(N82),1,0) -> 0 | Q82: 621369.58 | R82: 85493.64
A83: STR-1021 | B83: 45689 | C83: West | D83: Mall | E83: 60628.38 | F83: 4451 | G83: 0.095 | H83: 10 | I83: 89.6 | J83: 3.17 | K83: =IF(ISBLANK(J83),MEDIAN($J$2:$J$321),J83) -> 3.17 | L83: =IF(ISBLANK(J83),1,0) -> 0 | M83: 0 | N83: 4.6 | O83: =IF(ISBLANK(N83),MEDIAN($N$2:$N$321),N83) -> 4.6 | P83: =IF(ISBLANK(N83),1,0) -> 0 | Q83: 682208.01 | R83: 110318.84
A84: STR-1021 | B84: 45717 | C84: West | D84: Mall | E84: 72731.14 | F84: 4644 | G84: 0.084 | H84: 15 | I84: 87.1 | J84: 2.66 | K84: =IF(ISBLANK(J84),MEDIAN($J$2:$J$321),J84) -> 2.66 | L84: =IF(ISBLANK(J84),1,0) -> 0 | M84: 0 | N84: 4.6 | O84: =IF(ISBLANK(N84),MEDIAN($N$2:$N$321),N84) -> 4.6 | P84: =IF(ISBLANK(N84),1,0) -> 0 | Q84: 727241.86 | R84: 155810.3
A85: STR-1021 | B85: 45748 | C85: West | D85: Mall | E85: 36475.71 | F85: 3559 | G85: 0.03 | H85: 8 | I85: 83.6 | J85: 1.41 | K85: =IF(ISBLANK(J85),MEDIAN($J$2:$J$321),J85) -> 1.41 | L85: =IF(ISBLANK(J85),1,0) -> 0 | M85: 0 | N85: 4.2 | O85: =IF(ISBLANK(N85),MEDIAN($N$2:$N$321),N85) -> 4.2 | P85: =IF(ISBLANK(N85),1,0) -> 0 | Q85: 569100.78 | R85: 104808.78
A86: STR-1022 | B86: 45658 | C86: West | D86: High Street | E86: 55388.11 | F86: 3091 | G86: 0.108 | H86: 7 | I86: 85.4 | J86: 7.34 | K86: =IF(ISBLANK(J86),MEDIAN($J$2:$J$321),J86) -> 7.34 | L86: =IF(ISBLANK(J86),1,0) -> 0 | M86: 0 | N86: 4.9 | O86: =IF(ISBLANK(N86),MEDIAN($N$2:$N$321),N86) -> 4.9 | P86: =IF(ISBLANK(N86),1,0) -> 0 | Q86: 574436.29 | R86: 80271.99
A87: STR-1022 | B87: 45689 | C87: West | D87: High Street | E87: 88443.77 | F87: 4004 | G87: 0.206 | H87: 11 | I87: 91.9 | J87: 5.95 | K87: =IF(ISBLANK(J87),MEDIAN($J$2:$J$321),J87) -> 5.95 | L87: =IF(ISBLANK(J87),1,0) -> 0 | M87: 0 | O87: =IF(ISBLANK(N87),MEDIAN($N$2:$N$321),N87) -> 3.9 | P87: =IF(ISBLANK(N87),1,0) -> 1 | Q87: 611766.72 | R87: 88275.61
A88: STR-1022 | B88: 45717 | C88: West | D88: High Street | E88: 78231.91 | F88: 3788 | G88: 0.059 | H88: 11 | I88: 88.5 | J88: 15.51 | K88: =IF(ISBLANK(J88),MEDIAN($J$2:$J$321),J88) -> 15.51 | L88: =IF(ISBLANK(J88),1,0) -> 0 | M88: 0 | N88: 4.3 | O88: =IF(ISBLANK(N88),MEDIAN($N$2:$N$321),N88) -> 4.3 | P88: =IF(ISBLANK(N88),1,0) -> 0 | Q88: 614596.32 | R88: 131199.41
A89: STR-1022 | B89: 45748 | C89: West | D89: High Street | E89: 18996.32 | F89: 1260 | G89: 0.145 | H89: 9 | I89: 86.4 | J89: 4.31 | K89: =IF(ISBLANK(J89),MEDIAN($J$2:$J$321),J89) -> 4.31 | L89: =IF(ISBLANK(J89),1,0) -> 0 | M89: 0 | N89: 4.6 | O89: =IF(ISBLANK(N89),MEDIAN($N$2:$N$321),N89) -> 4.6 | P89: =IF(ISBLANK(N89),1,0) -> 0 | Q89: 450711.92 | R89: 90043.76
A90: STR-1023 | B90: 45658 | C90: South | D90: Mall | E90: 50517.94 | F90: 7024 | G90: 0.029 | H90: 18 | I90: 79.2 | J90: 6.61 | K90: =IF(ISBLANK(J90),MEDIAN($J$2:$J$321),J90) -> 6.61 | L90: =IF(ISBLANK(J90),1,0) -> 0 | M90: 1 | N90: 4.1 | O90: =IF(ISBLANK(N90),MEDIAN($N$2:$N$321),N90) -> 4.1 | P90: =IF(ISBLANK(N90),1,0) -> 0 | Q90: 711213.46 | R90: 105863.26
A91: STR-1023 | B91: 45689 | C91: South | D91: Mall | E91: 141540.29 | F91: 5400 | G91: 0.013 | H91: 12 | I91: 87 | J91: 4.26 | K91: =IF(ISBLANK(J91),MEDIAN($J$2:$J$321),J91) -> 4.26 | L91: =IF(ISBLANK(J91),1,0) -> 0 | M91: 0 | N91: 4.5 | O91: =IF(ISBLANK(N91),MEDIAN($N$2:$N$321),N91) -> 4.5 | P91: =IF(ISBLANK(N91),1,0) -> 0 | Q91: 627171.9 | R91: 105772.75
A92: STR-1023 | B92: 45717 | C92: South | D92: Mall | E92: 82116.19 | F92: 5988 | G92: 0.04 | H92: 17 | I92: 91.8 | J92: 5.75 | K92: =IF(ISBLANK(J92),MEDIAN($J$2:$J$321),J92) -> 5.75 | L92: =IF(ISBLANK(J92),1,0) -> 0 | M92: 0 | N92: 4.7 | O92: =IF(ISBLANK(N92),MEDIAN($N$2:$N$321),N92) -> 4.7 | P92: =IF(ISBLANK(N92),1,0) -> 0 | Q92: 739852.58 | R92: 129386.43
A93: STR-1023 | B93: 45748 | C93: South | D93: Mall | E93: 31207.51 | F93: 3701 | G93: 0.043 | H93: 11 | I93: 84.7 | J93: 0.33 | K93: =IF(ISBLANK(J93),MEDIAN($J$2:$J$321),J93) -> 0.33 | L93: =IF(ISBLANK(J93),1,0) -> 0 | M93: 0 | N93: 4.3 | O93: =IF(ISBLANK(N93),MEDIAN($N$2:$N$321),N93) -> 4.3 | P93: =IF(ISBLANK(N93),1,0) -> 0 | Q93: 586307.22 | R93: 73927.85
A94: STR-1024 | B94: 45658 | C94: West | D94: Residential | E94: 38966.59 | F94: 4509 | G94: 0.194 | H94: 14 | I94: 91.1 | J94: 2.92 | K94: =IF(ISBLANK(J94),MEDIAN($J$2:$J$321),J94) -> 2.92 | L94: =IF(ISBLANK(J94),1,0) -> 0 | M94: 0 | N94: 4.6 | O94: =IF(ISBLANK(N94),MEDIAN($N$2:$N$321),N94) -> 4.6 | P94: =IF(ISBLANK(N94),1,0) -> 0 | Q94: 585937.48 | R94: 82624.2
A95: STR-1024 | B95: 45689 | C95: West | D95: Residential | E95: 67439.3 | F95: 6477 | G95: 0 | H95: 16 | I95: 90.9 | J95: 1.64 | K95: =IF(ISBLANK(J95),MEDIAN($J$2:$J$321),J95) -> 1.64 | L95: =IF(ISBLANK(J95),1,0) -> 0 | M95: 0 | N95: 4.5 | O95: =IF(ISBLANK(N95),MEDIAN($N$2:$N$321),N95) -> 4.5 | P95: =IF(ISBLANK(N95),1,0) -> 0 | Q95: 753473.55 | R95: 151527.22
A96: STR-1024 | B96: 45717 | C96: West | D96: Residential | E96: 86421.88 | F96: 7970 | G96: 0.073 | H96: 17 | I96: 91.3 | J96: 0.8 | K96: =IF(ISBLANK(J96),MEDIAN($J$2:$J$321),J96) -> 0.8 | L96: =IF(ISBLANK(J96),1,0) -> 0 | M96: 0 | N96: 5 | O96: =IF(ISBLANK(N96),MEDIAN($N$2:$N$321),N96) -> 5 | P96: =IF(ISBLANK(N96),1,0) -> 0 | Q96: 838250.32 | R96: 122939.34
A97: STR-1024 | B97: 45748 | C97: West | D97: Residential | E97: 9534.65 | F97: 6057 | G97: 0.074 | H97: 15 | I97: 94.1 | J97: 5.79 | K97: =IF(ISBLANK(J97),MEDIAN($J$2:$J$321),J97) -> 5.79 | L97: =IF(ISBLANK(J97),1,0) -> 0 | M97: 0 | N97: 4.5 | O97: =IF(ISBLANK(N97),MEDIAN($N$2:$N$321),N97) -> 4.5 | P97: =IF(ISBLANK(N97),1,0) -> 0 | Q97: 607898.12 | R97: 135404.85
A98: STR-1025 | B98: 45658 | C98: West | D98: Mall | E98: 61132.07 | F98: 6394 | G98: 0.163 | H98: 19 | I98: 91 | J98: 19.6 | K98: =IF(ISBLANK(J98),MEDIAN($J$2:$J$321),J98) -> 19.6 | L98: =IF(ISBLANK(J98),1,0) -> 0 | M98: 0 | N98: 4.4 | O98: =IF(ISBLANK(N98),MEDIAN($N$2:$N$321),N98) -> 4.4 | P98: =IF(ISBLANK(N98),1,0) -> 0 | Q98: 691113.62 | R98: 135145.44
A99: STR-1025 | B99: 45689 | C99: West | D99: Mall | E99: 78839.39 | F99: 5150 | G99: 0.171 | H99: 13 | I99: 85.8 | J99: 7.57 | K99: =IF(ISBLANK(J99),MEDIAN($J$2:$J$321),J99) -> 7.57 | L99: =IF(ISBLANK(J99),1,0) -> 0 | M99: 0 | N99: 4.3 | O99: =IF(ISBLANK(N99),MEDIAN($N$2:$N$321),N99) -> 4.3 | P99: =IF(ISBLANK(N99),1,0) -> 0 | Q99: 735509.4 | R99: 83895.96
A100: STR-1025 | B100: 45717 | C100: West | D100: Mall | E100: 38752.8 | F100: 4712 | G100: 0.075 | H100: 15 | I100: 89.7 | K100: =IF(ISBLANK(J100),MEDIAN($J$2:$J$321),J100) -> 3.365 | L100: =IF(ISBLANK(J100),1,0) -> 1 | M100: 0 | N100: 4.3 | O100: =IF(ISBLANK(N100),MEDIAN($N$2:$N$321),N100) -> 4.3 | P100: =IF(ISBLANK(N100),1,0) -> 0 | Q100: 605775.33 | R100: 107194.6
A101: STR-1025 | B101: 45748 | C101: West | D101: Mall | E101: 55101.1 | F101: 5281 | G101: 0.189 | H101: 11 | I101: 91 | J101: 2.7 | K101: =IF(ISBLANK(J101),MEDIAN($J$2:$J$321),J101) -> 2.7 | L101: =IF(ISBLANK(J101),1,0) -> 0 | M101: 0 | N101: 4.4 | O101: =IF(ISBLANK(N101),MEDIAN($N$2:$N$321),N101) -> 4.4 | P101: =IF(ISBLANK(N101),1,0) -> 0 | Q101: 675177.68 | R101: 105628.68
A102: STR-1026 | B102: 45658 | C102: East | D102: Mall | E102: 53084.76 | F102: 3642 | G102: 0.15 | H102: 12 | I102: 91.4 | J102: 0.2 | K102: =IF(ISBLANK(J102),MEDIAN($J$2:$J$321),J102) -> 0.2 | L102: =IF(ISBLANK(J102),1,0) -> 0 | M102: 0 | N102: 4.4 | O102: =IF(ISBLANK(N102),MEDIAN($N$2:$N$321),N102) -> 4.4 | P102: =IF(ISBLANK(N102),1,0) -> 0 | Q102: 635181.35 | R102: 83341.25
A103: STR-1026 | B103: 45689 | C103: East | D103: Mall | E103: 63101.59 | F103: 4373 | G103: 0.173 | H103: 14 | I103: 90.4 | J103: 7.87 | K103: =IF(ISBLANK(J103),MEDIAN($J$2:$J$321),J103) -> 7.87 | L103: =IF(ISBLANK(J103),1,0) -> 0 | M103: 0 | N103: 4.7 | O103: =IF(ISBLANK(N103),MEDIAN($N$2:$N$321),N103) -> 4.7 | P103: =IF(ISBLANK(N103),1,0) -> 0 | Q103: 586626.94 | R103: 86498.55
A104: STR-1026 | B104: 45717 | C104: East | D104: Mall | E104: 90084.4 | F104: 6832 | G104: 0.185 | H104: 14 | I104: 80.5 | J104: 0.77 | K104: =IF(ISBLANK(J104),MEDIAN($J$2:$J$321),J104) -> 0.77 | L104: =IF(ISBLANK(J104),1,0) -> 0 | M104: 1 | N104: 4.4 | O104: =IF(ISBLANK(N104),MEDIAN($N$2:$N$321),N104) -> 4.4 | P104: =IF(ISBLANK(N104),1,0) -> 0 | Q104: 740102.64 | R104: 114299.07
A105: STR-1026 | B105: 45748 | C105: East | D105: Mall | E105: 32266.64 | F105: 2414 | G105: 0.08 | H105: 7 | I105: 92.1 | J105: 1.48 | K105: =IF(ISBLANK(J105),MEDIAN($J$2:$J$321),J105) -> 1.48 | L105: =IF(ISBLANK(J105),1,0) -> 0 | M105: 0 | N105: 5 | O105: =IF(ISBLANK(N105),MEDIAN($N$2:$N$321),N105) -> 5 | P105: =IF(ISBLANK(N105),1,0) -> 0 | Q105: 625514.04 | R105: 120685.08
A106: STR-1027 | B106: 45658 | C106: West | D106: High Street | E106: 57919.07 | F106: 7374 | G106: 0.103 | H106: 21 | I106: 82.3 | J106: 2.87 | K106: =IF(ISBLANK(J106),MEDIAN($J$2:$J$321),J106) -> 2.87 | L106: =IF(ISBLANK(J106),1,0) -> 0 | M106: 0 | N106: 2.9 | O106: =IF(ISBLANK(N106),MEDIAN($N$2:$N$321),N106) -> 2.9 | P106: =IF(ISBLANK(N106),1,0) -> 0 | Q106: 727227.2 | R106: 121292.01
A107: STR-1027 | B107: 45689 | C107: West | D107: High Street | E107: 74679.35 | F107: 8739 | G107: 0.056 | H107: 21 | I107: 91.8 | J107: 2.83 | K107: =IF(ISBLANK(J107),MEDIAN($J$2:$J$321),J107) -> 2.83 | L107: =IF(ISBLANK(J107),1,0) -> 0 | M107: 0 | N107: 3 | O107: =IF(ISBLANK(N107),MEDIAN($N$2:$N$321),N107) -> 3 | P107: =IF(ISBLANK(N107),1,0) -> 0 | Q107: 783797.89 | R107: 157620.7
A108: STR-1027 | B108: 45717 | C108: West | D108: High Street | E108: 64294.23 | F108: 6992 | G108: 0.133 | H108: 14 | I108: 94.1 | J108: 0.25 | K108: =IF(ISBLANK(J108),MEDIAN($J$2:$J$321),J108) -> 0.25 | L108: =IF(ISBLANK(J108),1,0) -> 0 | M108: 0 | N108: 3 | O108: =IF(ISBLANK(N108),MEDIAN($N$2:$N$321),N108) -> 3 | P108: =IF(ISBLANK(N108),1,0) -> 0 | Q108: 795153.84 | R108: 143194.21
A109: STR-1027 | B109: 45748 | C109: West | D109: High Street | E109: 31042.03 | F109: 7107 | G109: 0.051 | H109: 15 | I109: 87 | J109: 13.33 | K109: =IF(ISBLANK(J109),MEDIAN($J$2:$J$321),J109) -> 13.33 | L109: =IF(ISBLANK(J109),1,0) -> 0 | M109: 0 | N109: 3.2 | O109: =IF(ISBLANK(N109),MEDIAN($N$2:$N$321),N109) -> 3.2 | P109: =IF(ISBLANK(N109),1,0) -> 0 | Q109: 665594.94 | R109: 127597.34
A110: STR-1028 | B110: 45658 | C110: East | D110: Mall | E110: 75265.02 | F110: 6975 | G110: 0.157 | H110: 20 | I110: 73.8 | J110: 6.35 | K110: =IF(ISBLANK(J110),MEDIAN($J$2:$J$321),J110) -> 6.35 | L110: =IF(ISBLANK(J110),1,0) -> 0 | M110: 1 | N110: 3.8 | O110: =IF(ISBLANK(N110),MEDIAN($N$2:$N$321),N110) -> 3.8 | P110: =IF(ISBLANK(N110),1,0) -> 0 | Q110: 709478.39 | R110: 71294.27
A111: STR-1028 | B111: 45689 | C111: East | D111: Mall | E111: 69411.7 | F111: 5493 | G111: 0.292 | H111: 13 | I111: 86.5 | J111: 6.69 | K111: =IF(ISBLANK(J111),MEDIAN($J$2:$J$321),J111) -> 6.69 | L111: =IF(ISBLANK(J111),1,0) -> 0 | M111: 0 | N111: 3.8 | O111: =IF(ISBLANK(N111),MEDIAN($N$2:$N$321),N111) -> 3.8 | P111: =IF(ISBLANK(N111),1,0) -> 0 | Q111: 664162.49 | R111: 98291.06
A112: STR-1028 | B112: 45717 | C112: East | D112: Mall | E112: 51056.15 | F112: 5686 | G112: 0.089 | H112: 13 | I112: 89.9 | J112: 1.28 | K112: =IF(ISBLANK(J112),MEDIAN($J$2:$J$321),J112) -> 1.28 | L112: =IF(ISBLANK(J112),1,0) -> 0 | M112: 0 | N112: 4.2 | O112: =IF(ISBLANK(N112),MEDIAN($N$2:$N$321),N112) -> 4.2 | P112: =IF(ISBLANK(N112),1,0) -> 0 | Q112: 633494.21 | R112: 105739.47
... A134: STR-1034 | B134: 45658 | C134: North | D134: High Street | E134: 70276.28 | F134: 3043 | G134: 0.079 | H134: 9 | I134: 87.9 | J134: 3.77 | K134: =IF(ISBLANK(J134),MEDIAN($J$2:$J$321),J134) -> 3.77 | L134: =IF(ISBLANK(J134),1,0) -> 0 | M134: 0 | N134: 4.4 | O134: =IF(ISBLANK(N134),MEDIAN($N$2:$N$321),N134) -> 4.4 | P134: =IF(ISBLANK(N134),1,0) -> 0 | Q134: 527300.13 | R134: 84197.87
A135: STR-1034 | B135: 45689 | C135: North | D135: High Street | E135: 22071.64 | F135: 1814 | G135: 0.196 | H135: 8 | I135: 81.1 | J135: 0.78 | K135: =IF(ISBLANK(J135),MEDIAN($J$2:$J$321),J135) -> 0.78 | L135: =IF(ISBLANK(J135),1,0) -> 0 | M135: 0 | O135: =IF(ISBLANK(N135),MEDIAN($N$2:$N$321),N135) -> 3.9 | P135: =IF(ISBLANK(N135),1,0) -> 1 | Q135: 400831.65 | R135: 70979.31
A136: STR-1034 | B136: 45717 | C136: North | D136: High Street | E136: 52285.45 | F136: 3618 | G136: 0.086 | H136: 11 | I136: 95.6 | J136: 5.17 | K136: =IF(ISBLANK(J136),MEDIAN($J$2:$J$321),J136) -> 5.17 | L136: =IF(ISBLANK(J136),1,0) -> 0 | M136: 1 | N136: 4.4 | O136: =IF(ISBLANK(N136),MEDIAN($N$2:$N$321),N136) -> 4.4 | P136: =IF(ISBLANK(N136),1,0) -> 0 | Q136: 593247.25 | R136: 81240.29
A137: STR-1034 | B137: 45748 | C137: North | D137: High Street | E137: 70366.76 | F137: 1963 | G137: 0.182 | H137: 8 | I137: 89.8 | J137: 3.2 | K137: =IF(ISBLANK(J137),MEDIAN($J$2:$J$321),J137) -> 3.2 | L137: =IF(ISBLANK(J137),1,0) -> 0 | M137: 0 | N137: 4.6 | O137: =IF(ISBLANK(N137),MEDIAN($N$2:$N$321),N137) -> 4.6 | P137: =IF(ISBLANK(N137),1,0) -> 0 | Q137: 529075.95 | R137: 95978.83
A138: STR-1035 | B138: 45658 | C138: South | D138: Residential | E138: 71320.66 | F138: 7888 | G138: 0.048 | H138: 20 | I138: 78.1 | J138: 3.4 | K138: =IF(ISBLANK(J138),MEDIAN($J$2:$J$321),J138) -> 3.4 | L138: =IF(ISBLANK(J138),1,0) -> 0 | M138: 0 | O138: =IF(ISBLANK(N138),MEDIAN($N$2:$N$321),N138) -> 3.9 | P138: =IF(ISBLANK(N138),1,0) -> 1 | Q138: 633638.03 | R138: 99402.01
A139: STR-1035 | B139: 45689 | C139: South | D139: Residential | E139: 75109.67 | F139: 6244 | G139: 0.079 | H139: 15 | I139: 96.3 | J139: 7.38 | K139: =IF(ISBLANK(J139),MEDIAN($J$2:$J$321),J139) -> 7.38 | L139: =IF(ISBLANK(J139),1,0) -> 0 | M139: 0 | N139: 3.7 | O139: =IF(ISBLANK(N139),MEDIAN($N$2:$N$321),N139) -> 3.7 | P139: =IF(ISBLANK(N139),1,0) -> 0 | Q139: 743348.84 | R139: 104186.09
A140: STR-1035 | B140: 45717 | C140: South | D140: Residential | E140: 69779 | F140: 6544 | G140: 0.152 | H140: 18 | I140: 90.2 | J140: 0.85 | K140: =IF(ISBLANK(J140),MEDIAN($J$2:$J$321),J140) -> 0.85 | L140: =IF(ISBLANK(J140),1,0) -> 0 | M140: 1 | N140: 3.3 | O140: =IF(ISBLANK(N140),MEDIAN($N$2:$N$321),N140) -> 3.3 | P140: =IF(ISBLANK(N140),1,0) -> 0 | Q140: 758827.64 | R140: 161439.48
A141: STR-1035 | B141: 45748 | C141: South | D141: Residential | E141: 44211.95 | F141: 5465 | G141: 0.187 | H141: 12 | I141: 90 | J141: 2.89 | K141: =IF(ISBLANK(J141),MEDIAN($J$2:$J$321),J141) -> 2.89 | L141: =IF(ISBLANK(J141),1,0) -> 0 | M141: 0 | N141: 3.6 | O141: =IF(ISBLANK(N141),MEDIAN($N$2:$N$321),N141) -> 3.6 | P141: =IF(ISBLANK(N141),1,0) -> 0 | Q141: 646559.71 | R141: 97981.75
A142: STR-1036 | B142: 45658 | C142: West | D142: High Street | E142: 51430.31 | F142: 6427 | G142: 0.234 | H142: 14 | I142: 88.8 | J142: 0.77 | K142: =IF(ISBLANK(J142),MEDIAN($J$2:$J$321),J142) -> 0.77 | L142: =IF(ISBLANK(J142),1,0) -> 0 | M142: 0 | N142: 4.1 | O142: =IF(ISBLANK(N142),MEDIAN($N$2:$N$321),N142) -> 4.1 | P142: =IF(ISBLANK(N142),1,0) -> 0 | Q142: 715890.53 | R142: 109032.15
A143: STR-1036 | B143: 45689 | C143: West | D143: High Street | E143: 45706.49 | F143: 6704 | G143: 0.038 | H143: 15 | I143: 94.2 | J143: 2.92 | K143: =IF(ISBLANK(J143),MEDIAN($J$2:$J$321),J143) -> 2.92 | L143: =IF(ISBLANK(J143),1,0) -> 0 | M143: 0 | N143: 4.2 | O143: =IF(ISBLANK(N143),MEDIAN($N$2:$N$321),N143) -> 4.2 | P143: =IF(ISBLANK(N143),1,0) -> 0 | Q143: 715097.57 | R143: 151875.86
A144: STR-1036 | B144: 45717 | C144: West | D144: High Street | E144: 44034.6 | F144: 5645 | G144: 0.069 | H144: 18 | I144: 88.5 | J144: 3.07 | K144: =IF(ISBLANK(J144),MEDIAN($J$2:$J$321),J144) -> 3.07 | L144: =IF(ISBLANK(J144),1,0) -> 0 | M144: 0 | N144: 3.8 | O144: =IF(ISBLANK(N144),MEDIAN($N$2:$N$321),N144) -> 3.8 | P144: =IF(ISBLANK(N144),1,0) -> 0 | Q144: 682639.28 | R144: 77557.53
A145: STR-1036 | B145: 45748 | C145: West | D145: High Street | E145: 50198.12 | F145: 6089 | G145: 0.182 | H145: 19 | I145: 94 | J145: 9.7 | K145: =IF(ISBLANK(J145),MEDIAN($J$2:$J$321),J145) -> 9.7 | L145: =IF(ISBLANK(J145),1,0) -> 0 | M145: 0 | N145: 3.9 | O145: =IF(ISBLANK(N145),MEDIAN($N$2:$N$321),N145) -> 3.9 | P145: =IF(ISBLANK(N145),1,0) -> 0 | Q145: 695098.51 | R145: 108192.75
A146: STR-1037 | B146: 45658 | C146: North | D146: Residential | E146: 70488.2 | F146: 4312 | G146: 0.169 | H146: 12 | I146: 90.2 | J146: 3.71 | K146: =IF(ISBLANK(J146),MEDIAN($J$2:$J$321),J146) -> 3.71 | L146: =IF(ISBLANK(J146),1,0) -> 0 | M146: 0 | N146: 3.2 | O146: =IF(ISBLANK(N146),MEDIAN($N$2:$N$321),N146) -> 3.2 | P146: =IF(ISBLANK(N146),1,0) -> 0 | Q146: 577732.57 | R146: 93804.27
A147: STR-1037 | B147: 45689 | C147: North | D147: Residential | E147: 50909.27 | F147: 3152 | G147: 0.06 | H147: 13 | I147: 93.7 | J147: 10.79 | K147: =IF(ISBLANK(J147),MEDIAN($J$2:$J$321),J147) -> 10.79 | L147: =IF(ISBLANK(J147),1,0) -> 0 | M147: 0 | N147: 3.5 | O147: =IF(ISBLANK(N147),MEDIAN($N$2:$N$321),N147) -> 3.5 | P147: =IF(ISBLANK(N147),1,0) -> 0 | Q147: 537058.33 | R147: 93555.71
A148: STR-1037 | B148: 45717 | C148: North | D148: Residential | E148: 53351.7 | F148: 4259 | G148: 0.156 | H148: 15 | I148: 93.7 | J148: 6.03 | K148: =IF(ISBLANK(J148),MEDIAN($J$2:$J$321),J148) -> 6.03 | L148: =IF(ISBLANK(J148),1,0) -> 0 | M148: 0 | N148: 3.4 | O148: =IF(ISBLANK(N148),MEDIAN($N$2:$N$321),N148) -> 3.4 | P148: =IF(ISBLANK(N148),1,0) -> 0 | Q148: 601568.87 | R148: 91634.82
A149: STR-1037 | B149: 45748 | C149: North | D149: Residential | E149: 60322.4 | F149: 3350 | G149: 0.108 | H149: 12 | I149: 89.4 | J149: 4.92 | K149: =IF(ISBLANK(J149),MEDIAN($J$2:$J$321),J149) -> 4.92 | L149: =IF(ISBLANK(J149),1,0) -> 0 | M149: 0 | N149: 3.4 | O149: =IF(ISBLANK(N149),MEDIAN($N$2:$N$321),N149) -> 3.4 | P149: =IF(ISBLANK(N149),1,0) -> 0 | Q149: 570964.84 | R149: 81331.07
A150: STR-1038 | B150: 45658 | C150: South | D150: Mall | E150: 51575.68 | F150: 5329 | G150: 0.047 | H150: 17 | I150: 88.1 | J150: 19.78 | K150: =IF(ISBLANK(J150),MEDIAN($J$2:$J$321),J150) -> 19.78 | L150: =IF(ISBLANK(J150),1,0) -> 0 | M150: 0 | N150: 3.8 | O150: =IF(ISBLANK(N150),MEDIAN($N$2:$N$321),N150) -> 3.8 | P150: =IF(ISBLANK(N150),1,0) -> 0 | Q150: 614024.91 | R150: 84828.93
... A163: STR-1041 | B163: 45689 | C163: South | D163: High Street | E163: 48438.85 | F163: 6992 | G163: 0.034 | H163: 20 | I163: 91 | J163: 4.36 | K163: =IF(ISBLANK(J163),MEDIAN($J$2:$J$321),J163) -> 4.36 | L163: =IF(ISBLANK(J163),1,0) -> 0 | M163: 0 | N163: 4.2 | O163: =IF(ISBLANK(N163),MEDIAN($N$2:$N$321),N163) -> 4.2 | P163: =IF(ISBLANK(N163),1,0) -> 0 | Q163: 778298.88 | R163: 130076.72
A164: STR-1041 | B164: 45717 | C164: South | D164: High Street | E164: 57143.3 | F164: 8038 | G164: 0.193 | H164: 17 | I164: 72.6 | K164: =IF(ISBLANK(J164),MEDIAN($J$2:$J$321),J164) -> 3.365 | L164: =IF(ISBLANK(J164),1,0) -> 1 | M164: 0 | N164: 4.2 | O164: =IF(ISBLANK(N164),MEDIAN($N$2:$N$321),N164) -> 4.2 | P164: =IF(ISBLANK(N164),1,0) -> 0 | Q164: 677096.71 | R164: 97174.11
A165: STR-1041 | B165: 45748 | C165: South | D165: High Street | E165: 66870.62 | F165: 6055 | G165: 0.075 | H165: 19 | I165: 93.8 | J165: 0.54 | K165: =IF(ISBLANK(J165),MEDIAN($J$2:$J$321),J165) -> 0.54 | L165: =IF(ISBLANK(J165),1,0) -> 0 | M165: 0 | N165: 4.3 | O165: =IF(ISBLANK(N165),MEDIAN($N$2:$N$321),N165) -> 4.3 | P165: =IF(ISBLANK(N165),1,0) -> 0 | Q165: 692008.64 | R165: 116337.87
A166: STR-1042 | B166: 45658 | C166: North | D166: Mall | E166: 72150.53 | F166: 9323 | G166: 0.157 | H166: 22 | I166: 82.9 | J166: 11.37 | K166: =IF(ISBLANK(J166),MEDIAN($J$2:$J$321),J166) -> 11.37 | L166: =IF(ISBLANK(J166),1,0) -> 0 | M166: 1 | N166: 4.3 | O166: =IF(ISBLANK(N166),MEDIAN($N$2:$N$321),N166) -> 4.3 | P166: =IF(ISBLANK(N166),1,0) -> 0 | Q166: 825797.91 | R166: 130945.24
A167: STR-1042 | B167: 45689 | C167: North | D167: Mall | E167: 35303.3 | F167: 8789 | G167: 0.123 | H167: 22 | I167: 86.1 | J167: 9.43 | K167: =IF(ISBLANK(J167),MEDIAN($J$2:$J$321),J167) -> 9.43 | L167: =IF(ISBLANK(J167),1,0) -> 0 | M167: 0 | N167: 4.2 | O167: =IF(ISBLANK(N167),MEDIAN($N$2:$N$321),N167) -> 4.2 | P167: =IF(ISBLANK(N167),1,0) -> 0 | Q167: 706285.52 | R167: 138014.72
A168: STR-1042 | B168: 45717 | C168: North | D168: Mall | E168: 30301.86 | F168: 6939 | G168: 0.09 | H168: 16 | I168: 90.3 | J168: 3.49 | K168: =IF(ISBLANK(J168),MEDIAN($J$2:$J$321),J168) -> 3.49 | L168: =IF(ISBLANK(J168),1,0) -> 0 | M168: 0 | N168: 4 | O168: =IF(ISBLANK(N168),MEDIAN($N$2:$N$321),N168) -> 4 | P168: =IF(ISBLANK(N168),1,0) -> 0 | Q168: 665534.7 | R168: 113167.73
A169: STR-1042 | B169: 45748 | C169: North | D169: Mall | E169: 78432.14 | F169: 9440 | G169: 0.126 | H169: 23 | I169: 89.2 | J169: 7.86 | K169: =IF(ISBLANK(J169),MEDIAN($J$2:$J$321),J169) -> 7.86 | L169: =IF(ISBLANK(J169),1,0) -> 0 | M169: 0 | N169: 4.1 | O169: =IF(ISBLANK(N169),MEDIAN($N$2:$N$321),N169) -> 4.1 | P169: =IF(ISBLANK(N169),1,0) -> 0 | Q169: 820729.29 | R169: 159325.47
A170: STR-1043 | B170: 45658 | C170: East | D170: Residential | E170: 62059.18 | F170: 9374 | G170: 0.136 | H170: 25 | I170: 87.1 | J170: 12.55 | K170: =IF(ISBLANK(J170),MEDIAN($J$2:$J$321),J170) -> 12.55 | L170: =IF(ISBLANK(J170),1,0) -> 0 | M170: 0 | N170: 4.9 | O170: =IF(ISBLANK(N170),MEDIAN($N$2:$N$321),N170) -> 4.9 | P170: =IF(ISBLANK(N170),1,0) -> 0 | Q170: 739831.73 | R170: 119490.21
A171: STR-1043 | B171: 45689 | C171: East | D171: Residential | E171: 32834.48 | F171: 7576 | G171: 0.099 | H171: 15 | I171: 84.1 | J171: 3.48 | K171: =IF(ISBLANK(J171),MEDIAN($J$2:$J$321),J171) -> 3.48 | L171: =IF(ISBLANK(J171),1,0) -> 0 | M171: 0 | N171: 5 | O171: =IF(ISBLANK(N171),MEDIAN($N$2:$N$321),N171) -> 5 | P171: =IF(ISBLANK(N171),1,0) -> 0 | Q171: 593637.14 | R171: 106648.14
A172: STR-1043 | B172: 45717 | C172: East | D172: Residential | E172: 50825.08 | F172: 8949 | G172: 0.157 | H172: 21 | I172: 84.7 | J172: 7.73 | K172: =IF(ISBLANK(J172),MEDIAN($J$2:$J$321),J172) -> 7.73 | L172: =IF(ISBLANK(J172),1,0) -> 0 | M172: 0 | N172: 4.9 | O172: =IF(ISBLANK(N172),MEDIAN($N$2:$N$321),N172) -> 4.9 | P172: =IF(ISBLANK(N172),1,0) -> 0 | Q172: 769702.76 | R172: 158697
A173: STR-1043 | B173: 45748 | C173: East | D173: Residential | E173: 36606.51 | F173: 7671 | G173: 0.118 | H173: 18 | I173: 89.8 | J173: 0.25 | K173: =IF(ISBLANK(J173),MEDIAN($J$2:$J$321),J173) -> 0.25 | L173: =IF(ISBLANK(J173),1,0) -> 0 | M173: 0 | N173: 4.4 | O173: =IF(ISBLANK(N173),MEDIAN($N$2:$N$321),N173) -> 4.4 | P173: =IF(ISBLANK(N173),1,0) -> 0 | Q173: 679731.57 | R173: 121546.42
A174: STR-1044 | B174: 45658 | C174: East | D174: Residential | E174: 65237.79 | F174: 8741 | G174: 0.157 | H174: 20 | I174: 94.4 | J174: 6.43 | K174: =IF(ISBLANK(J174),MEDIAN($J$2:$J$321),J174) -> 6.43 | L174: =IF(ISBLANK(J174),1,0) -> 0 | M174: 0 | N174: 3.3 | O174: =IF(ISBLANK(N174),MEDIAN($N$2:$N$321),N174) -> 3.3 | P174: =IF(ISBLANK(N174),1,0) -> 0 | Q174: 780344.18 | R174: 118239.09
A175: STR-1044 | B175: 45689 | C175: East | D175: Residential | E175: 43645.98 | F175: 9480 | G175: 0.109 | H175: 22 | I175: 89 | J175: 2.11 | K175: =IF(ISBLANK(J175),MEDIAN($J$2:$J$321),J175) -> 2.11 | L175: =IF(ISBLANK(J175),1,0) -> 0 | M175: 0 | N175: 3.1 | O175: =IF(ISBLANK(N175),MEDIAN($N$2:$N$321),N175) -> 3.1 | P175: =IF(ISBLANK(N175),1,0) -> 0 | Q175: 721364.11 | R175: 147272.81
A176: STR-1044 | B176: 45717 | C176: East | D176: Residential | E176: 68040.15 | F176: 9826 | G176: 0.125 | H176: 20 | I176: 83.9 | J176: 9.12 | K176: =IF(ISBLANK(J176),MEDIAN($J$2:$J$321),J176) -> 9.12 | L176: =IF(ISBLANK(J176),1,0) -> 0 | M176: 0 | N176: 3.6 | O176: =IF(ISBLANK(N176),MEDIAN($N$2:$N$321),N176) -> 3.6 | P176: =IF(ISBLANK(N176),1,0) -> 0 | Q176: 758138.29 | R176: 132975.26
... A196: STR-1049 | B196: 45717 | C196: West | D196: Residential | E196: 40220.18 | F196: 3783 | G196: 0.089 | H196: 14 | I196: 86.6 | J196: 3.63 | K196: =IF(ISBLANK(J196),MEDIAN($J$2:$J$321),J196) -> 3.63 | L196: =IF(ISBLANK(J196),1,0) -> 0 | M196: 0 | N196: 3.7 | O196: =IF(ISBLANK(N196),MEDIAN($N$2:$N$321),N196) -> 3.7 | P196: =IF(ISBLANK(N196),1,0) -> 0 | Q196: 559422.02 | R196: 73528.74
...

Sheet Dummy_variables
A1: store_id | B1: month | C1: region | D1: store_type | E1: marketing_spend | F1: footfall | G1: avg_discount_pct | H1: staff_count | I1: inventory_availability_pct | J1: competitor_distance_km | K1: clean_competitor_distance_km | L1: competitor_distance_missing_flag | M1: holiday_flag | N1: customer_rating | O1: clean_customer_rating | P1: customer_rating_missing_flag | Q1: monthly_sales | R1: monthly_profit | S1: store_type_high_street | T1: store_type_mall | U1: store_type_residential | V1: region_north | W1: region_south | X1: region_west | Y1: region_east
A2: STR-1001 | B2: 45658 | C2: East | D2: Residential | E2: 70389.11 | F2: 8302 | G2: 0.042 | H2: 17 | I2: 75 | J2: 5.28 | K2: =IF(ISBLANK(J2),MEDIAN($J$2:$J$321),J2) -> 5.28 | L2: =IF(ISBLANK(J2),1,0) -> 0 | M2: 1 | N2: 3.1 | O2: =IF(ISBLANK(N2),MEDIAN($N$2:$N$321),N2) -> 3.1 | P2: =IF(ISBLANK(N2),1,0) -> 0 | Q2: 658832.62 | R2: 84349.93 | S2: =IF(D2="High Street",1,0) -> 0 | T2: =IF(D2="Mall",1,0) -> 0 | U2: =IF(D2="Residential",1,0) -> 1 | V2: =IF(C2="North",1,0) -> 0 | W2: =IF(C2="South",1,0) -> 0 | X2: =IF(C2="West",1,0) -> 0 | Y2: =IF(C2="East",1,0) -> 1
A3: STR-1001 | B3: 45689 | C3: East | D3: Residential | E3: 43827.89 | F3: 8487 | G3: 0.168 | H3: 23 | I3: 84.4 | J3: 4.31 | K3: =IF(ISBLANK(J3),MEDIAN($J$2:$J$321),J3) -> 4.31 | L3: =IF(ISBLANK(J3),1,0) -> 0 | M3: 0 | N3: 2.8 | O3: =IF(ISBLANK(N3),MEDIAN($N$2:$N$321),N3) -> 2.8 | P3: =IF(ISBLANK(N3),1,0) -> 0 | Q3: 634436 | R3: 106130.54 | S3: =IF(D3="High Street",1,0) -> 0 | T3: =IF(D3="Mall",1,0) -> 0 | U3: =IF(D3="Residential",1,0) -> 1 | V3: =IF(C3="North",1,0) -> 0 | W3: =IF(C3="South",1,0) -> 0 | X3: =IF(C3="West",1,0) -> 0 | Y3: =IF(C3="East",1,0) -> 1
A4: STR-1001 | B4: 45717 | C4: East | D4: Residential | E4: 59921.75 | F4: 9113 | G4: 0.133 | H4: 20 | I4: 88 | J4: 12 | K4: =IF(ISBLANK(J4),MEDIAN($J$2:$J$321),J4) -> 12 | L4: =IF(ISBLANK(J4),1,0) -> 0 | M4: 0 | N4: 3.2 | O4: =IF(ISBLANK(N4),MEDIAN($N$2:$N$321),N4) -> 3.2 | P4: =IF(ISBLANK(N4),1,0) -> 0 | Q4: 678722.06 | R4: 101883.86 | S4: =IF(D4="High Street",1,0) -> 0 | T4: =IF(D4="Mall",1,0) -> 0 | U4: =IF(D4="Residential",1,0) -> 1 | V4: =IF(C4="North",1,0) -> 0 | W4: =IF(C4="South",1,0) -> 0 | X4: =IF(C4="West",1,0) -> 0 | Y4: =IF(C4="East",1,0) -> 1
A5: STR-1001 | B5: 45748 | C5: East | D5: Residential | E5: 56856.63 | F5: 9431 | G5: 0.142 | H5: 23 | I5: 86.9 | J5: 4.97 | K5: =IF(ISBLANK(J5),MEDIAN($J$2:$J$321),J5) -> 4.97 | L5: =IF(ISBLANK(J5),1,0) -> 0 | M5: 0 | N5: 3.4 | O5: =IF(ISBLANK(N5),MEDIAN($N$2:$N$321),N5) -> 3.4 | P5: =IF(ISBLANK(N5),1,0) -> 0 | Q5: 658920.3 | R5: 97910.37 | S5: =IF(D5="High Street",1,0) -> 0 | T5: =IF(D5="Mall",1,0) -> 0 | U5: =IF(D5="Residential",1,0) -> 1 | V5: =IF(C5="North",1,0) -> 0 | W5: =IF(C5="South",1,0) -> 0 | X5: =IF(C5="West",1,0) -> 0 | Y5: =IF(C5="East",1,0) -> 1
A6: STR-1002 | B6: 45658 | C6: East | D6: High Street | E6: 48412.64 | F6: 9545 | G6: 0.231 | H6: 21 | I6: 97.6 | J6: 6.94 | K6: =IF(ISBLANK(J6),MEDIAN($J$2:$J$321),J6) -> 6.94 | L6: =IF(ISBLANK(J6),1,0) -> 0 | M6: 1 | N6: 4.2 | O6: =IF(ISBLANK(N6),MEDIAN($N$2:$N$321),N6) -> 4.2 | P6: =IF(ISBLANK(N6),1,0) -> 0 | Q6: 741341.44 | R6: 119208.17 | S6: =IF(D6="High Street",1,0) -> 1 | T6: =IF(D6="Mall",1,0) -> 0 | U6: =IF(D6="Residential",1,0) -> 0 | V6: =IF(C6="North",1,0) -> 0 | W6: =IF(C6="South",1,0) -> 0 | X6: =IF(C6="West",1,0) -> 0 | Y6: =IF(C6="East",1,0) -> 1
A7: STR-1002 | B7: 45689 | C7: East | D7: High Street | E7: 64811.21 | F7: 9792 | G7: 0.112 | H7: 20 | I7: 84.2 | J7: 2.88 | K7: =IF(ISBLANK(J7),MEDIAN($J$2:$J$321),J7) -> 2.88 | L7: =IF(ISBLANK(J7),1,0) -> 0 | M7: 0 | N7: 4.2 | O7: =IF(ISBLANK(N7),MEDIAN($N$2:$N$321),N7) -> 4.2 | P7: =IF(ISBLANK(N7),1,0) -> 0 | Q7: 761835.34 | R7: 149602.23 | S7: =IF(D7="High Street",1,0) -> 1 | T7: =IF(D7="Mall",1,0) -> 0 | U7: =IF(D7="Residential",1,0) -> 0 | V7: =IF(C7="North",1,0) -> 0 | W7: =IF(C7="South",1,0) -> 0 | X7: =IF(C7="West",1,0) -> 0 | Y7: =IF(C7="East",1,0) -> 1
A8: STR-1002 | B8: 45717 | C8: East | D8: High Street | E8: 46213.45 | F8: 10616 | G8: 0.122 | H8: 22 | I8: 85.2 | J8: 0.2 | K8: =IF(ISBLANK(J8),MEDIAN($J$2:$J$321),J8) -> 0.2 | L8: =IF(ISBLANK(J8),1,0) -> 0 | M8: 1 | N8: 4.1 | O8: =IF(ISBLANK(N8),MEDIAN($N$2:$N$321),N8) -> 4.1 | P8: =IF(ISBLANK(N8),1,0) -> 0 | Q8: 806615.54 | R8: 131364.62 | S8: =IF(D8="High Street",1,0) -> 1 | T8: =IF(D8="Mall",1,0) -> 0 | U8: =IF(D8="Residential",1,0) -> 0 | V8: =IF(C8="North",1,0) -> 0 | W8: =IF(C8="South",1,0) -> 0 | X8: =IF(C8="West",1,0) -> 0 | Y8: =IF(C8="East",1,0) -> 1
A9: STR-1002 | B9: 45748 | C9: East | D9: High Street | E9: 68148.52 | F9: 8567 | G9: 0.127 | H9: 23 | I9: 95.6 | J9: 0.8 | K9: =IF(ISBLANK(J9),MEDIAN($J$2:$J$321),J9) -> 0.8 | L9: =IF(ISBLANK(J9),1,0) -> 0 | M9: 0 | N9: 3.9 | O9: =IF(ISBLANK(N9),MEDIAN($N$2:$N$321),N9) -> 3.9 | P9: =IF(ISBLANK(N9),1,0) -> 0 | Q9: 850164.26 | R9: 149262.75 | S9: =IF(D9="High Street",1,0) -> 1 | T9: =IF(D9="Mall",1,0) -> 0 | U9: =IF(D9="Residential",1,0) -> 0 | V9: =IF(C9="North",1,0) -> 0 | W9: =IF(C9="South",1,0) -> 0 | X9: =IF(C9="West",1,0) -> 0 | Y9: =IF(C9="East",1,0) -> 1
A10: STR-1003 | B10: 45658 | C10: North | D10: Airport | E10: 71838.86 | F10: 10979 | G10: 0.215 | H10: 26 | I10: 88.6 | J10: 7.7 | K10: =IF(ISBLANK(J10),MEDIAN($J$2:$J$321),J10) -> 7.7 | L10: =IF(ISBLANK(J10),1,0) -> 0 | M10: 1 | N10: 3.8 | O10: =IF(ISBLANK(N10),MEDIAN($N$2:$N$321),N10) -> 3.8 | P10: =IF(ISBLANK(N10),1,0) -> 0 | Q10: 930581.7 | R10: 136207.98 | S10: =IF(D10="High Street",1,0) -> 0 | T10: =IF(D10="Mall",1,0) -> 0 | U10: =IF(D10="Residential",1,0) -> 0 | V10: =IF(C10="North",1,0) -> 1 | W10: =IF(C10="South",1,0) -> 0 | X10: =IF(C10="West",1,0) -> 0 | Y10: =IF(C10="East",1,0) -> 0
A11: STR-1003 | B11: 45689 | C11: North | D11: Airport | E11: 68133.44 | F11: 9459 | G11: 0.22 | H11: 21 | I11: 85 | J11: 1.91 | K11: =IF(ISBLANK(J11),MEDIAN($J$2:$J$321),J11) -> 1.91 | L11: =IF(ISBLANK(J11),1,0) -> 0 | M11: 0 | N11: 4.2 | O11: =IF(ISBLANK(N11),MEDIAN($N$2:$N$321),N11) -> 4.2 | P11: =IF(ISBLANK(N11),1,0) -> 0 | Q11: 779010.94 | R11: 106328.09 | S11: =IF(D11="High Street",1,0) -> 0 | T11: =IF(D11="Mall",1,0) -> 0 | U11: =IF(D11="Residential",1,0) -> 0 | V11: =IF(C11="North",1,0) -> 1 | W11: =IF(C11="South",1,0) -> 0 | X11: =IF(C11="West",1,0) -> 0 | Y11: =IF(C11="East",1,0) -> 0
A12: STR-1003 | B12: 45717 | C12: North | D12: Airport | E12: 34285.21 | F12: 9172 | G12: 0.213 | H12: 22 | I12: 88.3 | J12: 10.46 | K12: =IF(ISBLANK(J12),MEDIAN($J$2:$J$321),J12) -> 10.46 | L12: =IF(ISBLANK(J12),1,0) -> 0 | M12: 1 | N12: 3.8 | O12: =IF(ISBLANK(N12),MEDIAN($N$2:$N$321),N12) -> 3.8 | P12: =IF(ISBLANK(N12),1,0) -> 0 | Q12: 723060.76 | R12: 123131.24 | S12: =IF(D12="High Street",1,0) -> 0 | T12: =IF(D12="Mall",1,0) -> 0 | U12: =IF(D12="Residential",1,0) -> 0 | V12: =IF(C12="North",1,0) -> 1 | W12: =IF(C12="South",1,0) -> 0 | X12: =IF(C12="West",1,0) -> 0 | Y12: =IF(C12="East",1,0) -> 0
A13: STR-1003 | B13: 45748 | C13: North | D13: Airport | E13: 67979.88 | F13: 11230 | G13: 0.002 | H13: 28 | I13: 85.3 | J13: 7.16 | K13: =IF(ISBLANK(J13),MEDIAN($J$2:$J$321),J13) -> 7.16 | L13: =IF(ISBLANK(J13),1,0) -> 0 | M13: 0 | N13: 3.8 | O13: =IF(ISBLANK(N13),MEDIAN($N$2:$N$321),N13) -> 3.8 | P13: =IF(ISBLANK(N13),1,0) -> 0 | Q13: 910791.94 | R13: 158891.28 | S13: =IF(D13="High Street",1,0) -> 0 | T13: =IF(D13="Mall",1,0) -> 0 | U13: =IF(D13="Residential",1,0) -> 0 | V13: =IF(C13="North",1,0) -> 1 | W13: =IF(C13="South",1,0) -> 0 | X13: =IF(C13="West",1,0) -> 0 | Y13: =IF(C13="East",1,0) -> 0
... A34: STR-1009 | B34: 45658 | C34: North | D34: Residential | E34: 54597.83 | F34: 9429 | G34: 0.188 | H34: 21 | I34: 83.3 | J34: 11.71 | K34: =IF(ISBLANK(J34),MEDIAN($J$2:$J$321),J34) -> 11.71 | L34: =IF(ISBLANK(J34),1,0) -> 0 | M34: 0 | N34: 4.2 | O34: =IF(ISBLANK(N34),MEDIAN($N$2:$N$321),N34) -> 4.2 | P34: =IF(ISBLANK(N34),1,0) -> 0 | Q34: 641865.03 | R34: 81342.58 | S34: =IF(D34="High Street",1,0) -> 0 | T34: =IF(D34="Mall",1,0) -> 0 | U34: =IF(D34="Residential",1,0) -> 1 | V34: =IF(C34="North",1,0) -> 1 | W34: =IF(C34="South",1,0) -> 0 | X34: =IF(C34="West",1,0) -> 0 | Y34: =IF(C34="East",1,0) -> 0
A35: STR-1009 | B35: 45689 | C35: North | D35: Residential | E35: 73771.91 | F35: 11695 | G35: 0.07 | H35: 25 | I35: 84.7 | J35: 0.62 | K35: =IF(ISBLANK(J35),MEDIAN($J$2:$J$321),J35) -> 0.62 | L35: =IF(ISBLANK(J35),1,0) -> 0 | M35: 0 | O35: =IF(ISBLANK(N35),MEDIAN($N$2:$N$321),N35) -> 3.9 | P35: =IF(ISBLANK(N35),1,0) -> 1 | Q35: 799477.76 | R35: 164974.41 | S35: =IF(D35="High Street",1,0) -> 0 | T35: =IF(D35="Mall",1,0) -> 0 | U35: =IF(D35="Residential",1,0) -> 1 | V35: =IF(C35="North",1,0) -> 1 | W35: =IF(C35="South",1,0) -> 0 | X35: =IF(C35="West",1,0) -> 0 | Y35: =IF(C35="East",1,0) -> 0
A36: STR-1009 | B36: 45717 | C36: North | D36: Residential | E36: 74413.88 | F36: 9449 | G36: 0.039 | H36: 23 | I36: 92.1 | J36: 2.12 | K36: =IF(ISBLANK(J36),MEDIAN($J$2:$J$321),J36) -> 2.12 | L36: =IF(ISBLANK(J36),1,0) -> 0 | M36: 0 | N36: 3.5 | O36: =IF(ISBLANK(N36),MEDIAN($N$2:$N$321),N36) -> 3.5 | P36: =IF(ISBLANK(N36),1,0) -> 0 | Q36: 798952.17 | R36: 161499.04 | S36: =IF(D36="High Street",1,0) -> 0 | T36: =IF(D36="Mall",1,0) -> 0 | U36: =IF(D36="Residential",1,0) -> 1 | V36: =IF(C36="North",1,0) -> 1 | W36: =IF(C36="South",1,0) -> 0 | X36: =IF(C36="West",1,0) -> 0 | Y36: =IF(C36="East",1,0) -> 0
A37: STR-1009 | B37: 45748 | C37: North | D37: Residential | E37: 52483.77 | F37: 10453 | G37: 0.247 | H37: 25 | I37: 99 | J37: 6.31 | K37: =IF(ISBLANK(J37),MEDIAN($J$2:$J$321),J37) -> 6.31 | L37: =IF(ISBLANK(J37),1,0) -> 0 | M37: 0 | N37: 3.6 | O37: =IF(ISBLANK(N37),MEDIAN($N$2:$N$321),N37) -> 3.6 | P37: =IF(ISBLANK(N37),1,0) -> 0 | Q37: 800979.78 | R37: 149242.27 | S37: =IF(D37="High Street",1,0) -> 0 | T37: =IF(D37="Mall",1,0) -> 0 | U37: =IF(D37="Residential",1,0) -> 1 | V37: =IF(C37="North",1,0) -> 1 | W37: =IF(C37="South",1,0) -> 0 | X37: =IF(C37="West",1,0) -> 0 | Y37: =IF(C37="East",1,0) -> 0
A38: STR-1010 | B38: 45658 | C38: North | D38: Mall | E38: 75269.87 | F38: 8838 | G38: 0.092 | H38: 21 | I38: 83.1 | J38: 9.56 | K38: =IF(ISBLANK(J38),MEDIAN($J$2:$J$321),J38) -> 9.56 | L38: =IF(ISBLANK(J38),1,0) -> 0 | M38: 1 | N38: 4.2 | O38: =IF(ISBLANK(N38),MEDIAN($N$2:$N$321),N38) -> 4.2 | P38: =IF(ISBLANK(N38),1,0) -> 0 | Q38: 820593.93 | R38: 115860.06 | S38: =IF(D38="High Street",1,0) -> 0 | T38: =IF(D38="Mall",1,0) -> 1 | U38: =IF(D38="Residential",1,0) -> 0 | V38: =IF(C38="North",1,0) -> 1 | W38: =IF(C38="South",1,0) -> 0 | X38: =IF(C38="West",1,0) -> 0 | Y38: =IF(C38="East",1,0) -> 0
A39: STR-1010 | B39: 45689 | C39: North | D39: Mall | E39: 61245.41 | F39: 8156 | G39: 0.156 | H39: 19 | I39: 92.9 | J39: 9.05 | K39: =IF(ISBLANK(J39),MEDIAN($J$2:$J$321),J39) -> 9.05 | L39: =IF(ISBLANK(J39),1,0) -> 0 | M39: 0 | N39: 3.8 | O39: =IF(ISBLANK(N39),MEDIAN($N$2:$N$321),N39) -> 3.8 | P39: =IF(ISBLANK(N39),1,0) -> 0 | Q39: 718330.53 | R39: 93247.9 | S39: =IF(D39="High Street",1,0) -> 0 | T39: =IF(D39="Mall",1,0) -> 1 | U39: =IF(D39="Residential",1,0) -> 0 | V39: =IF(C39="North",1,0) -> 1 | W39: =IF(C39="South",1,0) -> 0 | X39: =IF(C39="West",1,0) -> 0 | Y39: =IF(C39="East",1,0) -> 0
A40: STR-1010 | B40: 45717 | C40: North | D40: Mall | E40: 93381.26 | F40: 7562 | G40: 0.198 | H40: 19 | I40: 82.9 | J40: 5.05 | K40: =IF(ISBLANK(J40),MEDIAN($J$2:$J$321),J40) -> 5.05 | L40: =IF(ISBLANK(J40),1,0) -> 0 | M40: 0 | N40: 4 | O40: =IF(ISBLANK(N40),MEDIAN($N$2:$N$321),N40) -> 4 | P40: =IF(ISBLANK(N40),1,0) -> 0 | Q40: 736633.4 | R40: 115654.66 | S40: =IF(D40="High Street",1,0) -> 0 | T40: =IF(D40="Mall",1,0) -> 1 | U40: =IF(D40="Residential",1,0) -> 0 | V40: =IF(C40="North",1,0) -> 1 | W40: =IF(C40="South",1,0) -> 0 | X40: =IF(C40="West",1,0) -> 0 | Y40: =IF(C40="East",1,0) -> 0
A41: STR-1010 | B41: 45748 | C41: North | D41: Mall | E41: 65012.19 | F41: 9598 | G41: 0.085 | H41: 24 | I41: 98.3 | J41: 0.89 | K41: =IF(ISBLANK(J41),MEDIAN($J$2:$J$321),J41) -> 0.89 | L41: =IF(ISBLANK(J41),1,0) -> 0 | M41: 0 | N41: 3.8 | O41: =IF(ISBLANK(N41),MEDIAN($N$2:$N$321),N41) -> 3.8 | P41: =IF(ISBLANK(N41),1,0) -> 0 | Q41: 828623.85 | R41: 167320.52 | S41: =IF(D41="High Street",1,0) -> 0 | T41: =IF(D41="Mall",1,0) -> 1 | U41: =IF(D41="Residential",1,0) -> 0 | V41: =IF(C41="North",1,0) -> 1 | W41: =IF(C41="South",1,0) -> 0 | X41: =IF(C41="West",1,0) -> 0 | Y41: =IF(C41="East",1,0) -> 0
A42: STR-1011 | B42: 45658 | C42: East | D42: Mall | E42: 40462.94 | F42: 3660 | G42: 0.218 | H42: 11 | I42: 95.2 | J42: 5.57 | K42: =IF(ISBLANK(J42),MEDIAN($J$2:$J$321),J42) -> 5.57 | L42: =IF(ISBLANK(J42),1,0) -> 0 | M42: 0 | N42: 4.4 | O42: =IF(ISBLANK(N42),MEDIAN($N$2:$N$321),N42) -> 4.4 | P42: =IF(ISBLANK(N42),1,0) -> 0 | Q42: 592195.85 | R42: 92291.56 | S42: =IF(D42="High Street",1,0) -> 0 | T42: =IF(D42="Mall",1,0) -> 1 | U42: =IF(D42="Residential",1,0) -> 0 | V42: =IF(C42="North",1,0) -> 0 | W42: =IF(C42="South",1,0) -> 0 | X42: =IF(C42="West",1,0) -> 0 | Y42: =IF(C42="East",1,0) -> 1
A43: STR-1011 | B43: 45689 | C43: East | D43: Mall | E43: 46123.88 | F43: 3227 | G43: 0.143 | H43: 10 | I43: 75.4 | J43: 1.06 | K43: =IF(ISBLANK(J43),MEDIAN($J$2:$J$321),J43) -> 1.06 | L43: =IF(ISBLANK(J43),1,0) -> 0 | M43: 0 | N43: 4.4 | O43: =IF(ISBLANK(N43),MEDIAN($N$2:$N$321),N43) -> 4.4 | P43: =IF(ISBLANK(N43),1,0) -> 0 | Q43: 532644.46 | R43: 60681.32 | S43: =IF(D43="High Street",1,0) -> 0 | T43: =IF(D43="Mall",1,0) -> 1 | U43: =IF(D43="Residential",1,0) -> 0 | V43: =IF(C43="North",1,0) -> 0 | W43: =IF(C43="South",1,0) -> 0 | X43: =IF(C43="West",1,0) -> 0 | Y43: =IF(C43="East",1,0) -> 1
A44: STR-1011 | B44: 45717 | C44: East | D44: Mall | E44: 68077.54 | F44: 3360 | G44: 0.128 | H44: 14 | I44: 88.2 | J44: 1.24 | K44: =IF(ISBLANK(J44),MEDIAN($J$2:$J$321),J44) -> 1.24 | L44: =IF(ISBLANK(J44),1,0) -> 0 | M44: 1 | N44: 4 | O44: =IF(ISBLANK(N44),MEDIAN($N$2:$N$321),N44) -> 4 | P44: =IF(ISBLANK(N44),1,0) -> 0 | Q44: 657429.18 | R44: 88919.74 | S44: =IF(D44="High Street",1,0) -> 0 | T44: =IF(D44="Mall",1,0) -> 1 | U44: =IF(D44="Residential",1,0) -> 0 | V44: =IF(C44="North",1,0) -> 0 | W44: =IF(C44="South",1,0) -> 0 | X44: =IF(C44="West",1,0) -> 0 | Y44: =IF(C44="East",1,0) -> 1
A45: STR-1011 | B45: 45748 | C45: East | D45: Mall | E45: 64882.14 | F45: 3642 | G45: 0.019 | H45: 13 | I45: 87.8 | J45: 4.52 | K45: =IF(ISBLANK(J45),MEDIAN($J$2:$J$321),J45) -> 4.52 | L45: =IF(ISBLANK(J45),1,0) -> 0 | M45: 0 | N45: 4.2 | O45: =IF(ISBLANK(N45),MEDIAN($N$2:$N$321),N45) -> 4.2 | P45: =IF(ISBLANK(N45),1,0) -> 0 | Q45: 605178 | R45: 106958.74 | S45: =IF(D45="High Street",1,0) -> 0 | T45: =IF(D45="Mall",1,0) -> 1 | U45: =IF(D45="Residential",1,0) -> 0 | V45: =IF(C45="North",1,0) -> 0 | W45: =IF(C45="South",1,0) -> 0 | X45: =IF(C45="West",1,0) -> 0 | Y45: =IF(C45="East",1,0) -> 1
A46: STR-1012 | B46: 45658 | C46: West | D46: Residential | E46: 138855.51 | F46: 5145 | G46: 0.06 | H46: 17 | I46: 88.2 | J46: 9.58 | K46: =IF(ISBLANK(J46),MEDIAN($J$2:$J$321),J46) -> 9.58 | L46: =IF(ISBLANK(J46),1,0) -> 0 | M46: 0 | N46: 3.2 | O46: =IF(ISBLANK(N46),MEDIAN($N$2:$N$321),N46) -> 3.2 | P46: =IF(ISBLANK(N46),1,0) -> 0 | Q46: 595467.6 | R46: 104276.46 | S46: =IF(D46="High Street",1,0) -> 0 | T46: =IF(D46="Mall",1,0) -> 0 | U46: =IF(D46="Residential",1,0) -> 1 | V46: =IF(C46="North",1,0) -> 0 | W46: =IF(C46="South",1,0) -> 0 | X46: =IF(C46="West",1,0) -> 1 | Y46: =IF(C46="East",1,0) -> 0
A47: STR-1012 | B47: 45689 | C47: West | D47: Residential | E47: 63630.21 | F47: 4460 | G47: 0.235 | H47: 14 | I47: 98.6 | J47: 5.52 | K47: =IF(ISBLANK(J47),MEDIAN($J$2:$J$321),J47) -> 5.52 | L47: =IF(ISBLANK(J47),1,0) -> 0 | M47: 0 | N47: 3.5 | O47: =IF(ISBLANK(N47),MEDIAN($N$2:$N$321),N47) -> 3.5 | P47: =IF(ISBLANK(N47),1,0) -> 0 | Q47: 599603.4 | R47: 112685.12 | S47: =IF(D47="High Street",1,0) -> 0 | T47: =IF(D47="Mall",1,0) -> 0 | U47: =IF(D47="Residential",1,0) -> 1 | V47: =IF(C47="North",1,0) -> 0 | W47: =IF(C47="South",1,0) -> 0 | X47: =IF(C47="West",1,0) -> 1 | Y47: =IF(C47="East",1,0) -> 0
... A72: STR-1018 | B72: 45717 | C72: East | D72: High Street | E72: 60571.82 | F72: 3193 | G72: 0.197 | H72: 7 | I72: 99 | J72: 1.43 | K72: =IF(ISBLANK(J72),MEDIAN($J$2:$J$321),J72) -> 1.43 | L72: =IF(ISBLANK(J72),1,0) -> 0 | M72: 0 | N72: 3.2 | O72: =IF(ISBLANK(N72),MEDIAN($N$2:$N$321),N72) -> 3.2 | P72: =IF(ISBLANK(N72),1,0) -> 0 | Q72: 605023.87 | R72: 98545.81 | S72: =IF(D72="High Street",1,0) -> 1 | T72: =IF(D72="Mall",1,0) -> 0 | U72: =IF(D72="Residential",1,0) -> 0 | V72: =IF(C72="North",1,0) -> 0 | W72: =IF(C72="South",1,0) -> 0 | X72: =IF(C72="West",1,0) -> 0 | Y72: =IF(C72="East",1,0) -> 1
A73: STR-1018 | B73: 45748 | C73: East | D73: High Street | E73: 55081.16 | F73: 5485 | G73: 0.036 | H73: 12 | I73: 88 | K73: =IF(ISBLANK(J73),MEDIAN($J$2:$J$321),J73) -> 3.365 | L73: =IF(ISBLANK(J73),1,0) -> 1 | M73: 0 | N73: 3.5 | O73: =IF(ISBLANK(N73),MEDIAN($N$2:$N$321),N73) -> 3.5 | P73: =IF(ISBLANK(N73),1,0) -> 0 | Q73: 674774.09 | R73: 141917.59 | S73: =IF(D73="High Street",1,0) -> 1 | T73: =IF(D73="Mall",1,0) -> 0 | U73: =IF(D73="Residential",1,0) -> 0 | V73: =IF(C73="North",1,0) -> 0 | W73: =IF(C73="South",1,0) -> 0 | X73: =IF(C73="West",1,0) -> 0 | Y73: =IF(C73="East",1,0) -> 1
A74: STR-1019 | B74: 45658 | C74: East | D74: Residential | E74: 46201.46 | F74: 5918 | G74: 0.277 | H74: 13 | I74: 78.8 | J74: 4.91 | K74: =IF(ISBLANK(J74),MEDIAN($J$2:$J$321),J74) -> 4.91 | L74: =IF(ISBLANK(J74),1,0) -> 0 | M74: 0 | N74: 4.5 | O74: =IF(ISBLANK(N74),MEDIAN($N$2:$N$321),N74) -> 4.5 | P74: =IF(ISBLANK(N74),1,0) -> 0 | Q74: 616069.41 | R74: 54453.99 | S74: =IF(D74="High Street",1,0) -> 0 | T74: =IF(D74="Mall",1,0) -> 0 | U74: =IF(D74="Residential",1,0) -> 1 | V74: =IF(C74="North",1,0) -> 0 | W74: =IF(C74="South",1,0) -> 0 | X74: =IF(C74="West",1,0) -> 0 | Y74: =IF(C74="East",1,0) -> 1
A75: STR-1019 | B75: 45689 | C75: East | D75: Residential | E75: 53762.92 | F75: 6821 | G75: 0.066 | H75: 19 | I75: 94.6 | J75: 7.03 | K75: =IF(ISBLANK(J75),MEDIAN($J$2:$J$321),J75) -> 7.03 | L75: =IF(ISBLANK(J75),1,0) -> 0 | M75: 0 | N75: 4.4 | O75: =IF(ISBLANK(N75),MEDIAN($N$2:$N$321),N75) -> 4.4 | P75: =IF(ISBLANK(N75),1,0) -> 0 | Q75: 630829.94 | R75: 117090.02 | S75: =IF(D75="High Street",1,0) -> 0 | T75: =IF(D75="Mall",1,0) -> 0 | U75: =IF(D75="Residential",1,0) -> 1 | V75: =IF(C75="North",1,0) -> 0 | W75: =IF(C75="South",1,0) -> 0 | X75: =IF(C75="West",1,0) -> 0 | Y75: =IF(C75="East",1,0) -> 1
A76: STR-1019 | B76: 45717 | C76: East | D76: Residential | E76: 70144.78 | F76: 6806 | G76: 0.178 | H76: 20 | I76: 93.1 | J76: 0.28 | K76: =IF(ISBLANK(J76),MEDIAN($J$2:$J$321),J76) -> 0.28 | L76: =IF(ISBLANK(J76),1,0) -> 0 | M76: 1 | N76: 4.3 | O76: =IF(ISBLANK(N76),MEDIAN($N$2:$N$321),N76) -> 4.3 | P76: =IF(ISBLANK(N76),1,0) -> 0 | Q76: 788087.68 | R76: 116803.42 | S76: =IF(D76="High Street",1,0) -> 0 | T76: =IF(D76="Mall",1,0) -> 0 | U76: =IF(D76="Residential",1,0) -> 1 | V76: =IF(C76="North",1,0) -> 0 | W76: =IF(C76="South",1,0) -> 0 | X76: =IF(C76="West",1,0) -> 0 | Y76: =IF(C76="East",1,0) -> 1
A77: STR-1019 | B77: 45748 | C77: East | D77: Residential | E77: 58749.63 | F77: 8252 | G77: 0.203 | H77: 20 | I77: 85.2 | J77: 3.61 | K77: =IF(ISBLANK(J77),MEDIAN($J$2:$J$321),J77) -> 3.61 | L77: =IF(ISBLANK(J77),1,0) -> 0 | M77: 0 | N77: 4.5 | O77: =IF(ISBLANK(N77),MEDIAN($N$2:$N$321),N77) -> 4.5 | P77: =IF(ISBLANK(N77),1,0) -> 0 | Q77: 680840.36 | R77: 68007.68 | S77: =IF(D77="High Street",1,0) -> 0 | T77: =IF(D77="Mall",1,0) -> 0 | U77: =IF(D77="Residential",1,0) -> 1 | V77: =IF(C77="North",1,0) -> 0 | W77: =IF(C77="South",1,0) -> 0 | X77: =IF(C77="West",1,0) -> 0 | Y77: =IF(C77="East",1,0) -> 1
A78: STR-1020 | B78: 45658 | C78: South | D78: High Street | E78: 56973.18 | F78: 6662 | G78: 0.1 | H78: 15 | I78: 77.7 | J78: 7.52 | K78: =IF(ISBLANK(J78),MEDIAN($J$2:$J$321),J78) -> 7.52 | L78: =IF(ISBLANK(J78),1,0) -> 0 | M78: 1 | N78: 3.2 | O78: =IF(ISBLANK(N78),MEDIAN($N$2:$N$321),N78) -> 3.2 | P78: =IF(ISBLANK(N78),1,0) -> 0 | Q78: 643657.47 | R78: 87022.45 | S78: =IF(D78="High Street",1,0) -> 1 | T78: =IF(D78="Mall",1,0) -> 0 | U78: =IF(D78="Residential",1,0) -> 0 | V78: =IF(C78="North",1,0) -> 0 | W78: =IF(C78="South",1,0) -> 1 | X78: =IF(C78="West",1,0) -> 0 | Y78: =IF(C78="East",1,0) -> 0
A79: STR-1020 | B79: 45689 | C79: South | D79: High Street | E79: 54872.82 | F79: 5962 | G79: 0.064 | H79: 12 | I79: 85.4 | J79: 2.58 | K79: =IF(ISBLANK(J79),MEDIAN($J$2:$J$321),J79) -> 2.58 | L79: =IF(ISBLANK(J79),1,0) -> 0 | M79: 0 | N79: 2.9 | O79: =IF(ISBLANK(N79),MEDIAN($N$2:$N$321),N79) -> 2.9 | P79: =IF(ISBLANK(N79),1,0) -> 0 | Q79: 691112.6 | R79: 109212.83 | S79: =IF(D79="High Street",1,0) -> 1 | T79: =IF(D79="Mall",1,0) -> 0 | U79: =IF(D79="Residential",1,0) -> 0 | V79: =IF(C79="North",1,0) -> 0 | W79: =IF(C79="South",1,0) -> 1 | X79: =IF(C79="West",1,0) -> 0 | Y79: =IF(C79="East",1,0) -> 0
A80: STR-1020 | B80: 45717 | C80: South | D80: High Street | E80: 80562.81 | F80: 7470 | G80: 0.172 | H80: 16 | I80: 83.5 | J80: 2.29 | K80: =IF(ISBLANK(J80),MEDIAN($J$2:$J$321),J80) -> 2.29 | L80: =IF(ISBLANK(J80),1,0) -> 0 | M80: 0 | N80: 3.3 | O80: =IF(ISBLANK(N80),MEDIAN($N$2:$N$321),N80) -> 3.3 | P80: =IF(ISBLANK(N80),1,0) -> 0 | Q80: 776922.17 | R80: 150701.93 | S80: =IF(D80="High Street",1,0) -> 1 | T80: =IF(D80="Mall",1,0) -> 0 | U80: =IF(D80="Residential",1,0) -> 0 | V80: =IF(C80="North",1,0) -> 0 | W80: =IF(C80="South",1,0) -> 1 | X80: =IF(C80="West",1,0) -> 0 | Y80: =IF(C80="East",1,0) -> 0
A81: STR-1020 | B81: 45748 | C81: South | D81: High Street | E81: 77999.9 | F81: 5974 | G81: 0.252 | H81: 14 | I81: 81.3 | J81: 2.39 | K81: =IF(ISBLANK(J81),MEDIAN($J$2:$J$321),J81) -> 2.39 | L81: =IF(ISBLANK(J81),1,0) -> 0 | M81: 0 | N81: 3.2 | O81: =IF(ISBLANK(N81),MEDIAN($N$2:$N$321),N81) -> 3.2 | P81: =IF(ISBLANK(N81),1,0) -> 0 | Q81: 636561.34 | R81: 93861.06 | S81: =IF(D81="High Street",1,0) -> 1 | T81: =IF(D81="Mall",1,0) -> 0 | U81: =IF(D81="Residential",1,0) -> 0 | V81: =IF(C81="North",1,0) -> 0 | W81: =IF(C81="South",1,0) -> 1 | X81: =IF(C81="West",1,0) -> 0 | Y81: =IF(C81="East",1,0) -> 0
A82: STR-1021 | B82: 45658 | C82: West | D82: Mall | E82: 60881.01 | F82: 5410 | G82: 0.179 | H82: 15 | I82: 83.9 | J82: 5.24 | K82: =IF(ISBLANK(J82),MEDIAN($J$2:$J$321),J82) -> 5.24 | L82: =IF(ISBLANK(J82),1,0) -> 0 | M82: 0 | N82: 4.6 | O82: =IF(ISBLANK(N82),MEDIAN($N$2:$N$321),N82) -> 4.6 | P82: =IF(ISBLANK(N82),1,0) -> 0 | Q82: 621369.58 | R82: 85493.64 | S82: =IF(D82="High Street",1,0) -> 0 | T82: =IF(D82="Mall",1,0) -> 1 | U82: =IF(D82="Residential",1,0) -> 0 | V82: =IF(C82="North",1,0) -> 0 | W82: =IF(C82="South",1,0) -> 0 | X82: =IF(C82="West",1,0) -> 1 | Y82: =IF(C82="East",1,0) -> 0
A83: STR-1021 | B83: 45689 | C83: West | D83: Mall | E83: 60628.38 | F83: 4451 | G83: 0.095 | H83: 10 | I83: 89.6 | J83: 3.17 | K83: =IF(ISBLANK(J83),MEDIAN($J$2:$J$321),J83) -> 3.17 | L83: =IF(ISBLANK(J83),1,0) -> 0 | M83: 0 | N83: 4.6 | O83: =IF(ISBLANK(N83),MEDIAN($N$2:$N$321),N83) -> 4.6 | P83: =IF(ISBLANK(N83),1,0) -> 0 | Q83: 682208.01 | R83: 110318.84 | S83: =IF(D83="High Street",1,0) -> 0 | T83: =IF(D83="Mall",1,0) -> 1 | U83: =IF(D83="Residential",1,0) -> 0 | V83: =IF(C83="North",1,0) -> 0 | W83: =IF(C83="South",1,0) -> 0 | X83: =IF(C83="West",1,0) -> 1 | Y83: =IF(C83="East",1,0) -> 0
A84: STR-1021 | B84: 45717 | C84: West | D84: Mall | E84: 72731.14 | F84: 4644 | G84: 0.084 | H84: 15 | I84: 87.1 | J84: 2.66 | K84: =IF(ISBLANK(J84),MEDIAN($J$2:$J$321),J84) -> 2.66 | L84: =IF(ISBLANK(J84),1,0) -> 0 | M84: 0 | N84: 4.6 | O84: =IF(ISBLANK(N84),MEDIAN($N$2:$N$321),N84) -> 4.6 | P84: =IF(ISBLANK(N84),1,0) -> 0 | Q84: 727241.86 | R84: 155810.3 | S84: =IF(D84="High Street",1,0) -> 0 | T84: =IF(D84="Mall",1,0) -> 1 | U84: =IF(D84="Residential",1,0) -> 0 | V84: =IF(C84="North",1,0) -> 0 | W84: =IF(C84="South",1,0) -> 0 | X84: =IF(C84="West",1,0) -> 1 | Y84: =IF(C84="East",1,0) -> 0
A85: STR-1021 | B85: 45748 | C85: West | D85: Mall | E85: 36475.71 | F85: 3559 | G85: 0.03 | H85: 8 | I85: 83.6 | J85: 1.41 | K85: =IF(ISBLANK(J85),MEDIAN($J$2:$J$321),J85) -> 1.41 | L85: =IF(ISBLANK(J85),1,0) -> 0 | M85: 0 | N85: 4.2 | O85: =IF(ISBLANK(N85),MEDIAN($N$2:$N$321),N85) -> 4.2 | P85: =IF(ISBLANK(N85),1,0) -> 0 | Q85: 569100.78 | R85: 104808.78 | S85: =IF(D85="High Street",1,0) -> 0 | T85: =IF(D85="Mall",1,0) -> 1 | U85: =IF(D85="Residential",1,0) -> 0 | V85: =IF(C85="North",1,0) -> 0 | W85: =IF(C85="South",1,0) -> 0 | X85: =IF(C85="West",1,0) -> 1 | Y85: =IF(C85="East",1,0) -> 0
A86: STR-1022 | B86: 45658 | C86: West | D86: High Street | E86: 55388.11 | F86: 3091 | G86: 0.108 | H86: 7 | I86: 85.4 | J86: 7.34 | K86: =IF(ISBLANK(J86),MEDIAN($J$2:$J$321),J86) -> 7.34 | L86: =IF(ISBLANK(J86),1,0) -> 0 | M86: 0 | N86: 4.9 | O86: =IF(ISBLANK(N86),MEDIAN($N$2:$N$321),N86) -> 4.9 | P86: =IF(ISBLANK(N86),1,0) -> 0 | Q86: 574436.29 | R86: 80271.99 | S86: =IF(D86="High Street",1,0) -> 1 | T86: =IF(D86="Mall",1,0) -> 0 | U86: =IF(D86="Residential",1,0) -> 0 | V86: =IF(C86="North",1,0) -> 0 | W86: =IF(C86="South",1,0) -> 0 | X86: =IF(C86="West",1,0) -> 1 | Y86: =IF(C86="East",1,0) -> 0
A87: STR-1022 | B87: 45689 | C87: West | D87: High Street | E87: 88443.77 | F87: 4004 | G87: 0.206 | H87: 11 | I87: 91.9 | J87: 5.95 | K87: =IF(ISBLANK(J87),MEDIAN($J$2:$J$321),J87) -> 5.95 | L87: =IF(ISBLANK(J87),1,0) -> 0 | M87: 0 | O87: =IF(ISBLANK(N87),MEDIAN($N$2:$N$321),N87) -> 3.9 | P87: =IF(ISBLANK(N87),1,0) -> 1 | Q87: 611766.72 | R87: 88275.61 | S87: =IF(D87="High Street",1,0) -> 1 | T87: =IF(D87="Mall",1,0) -> 0 | U87: =IF(D87="Residential",1,0) -> 0 | V87: =IF(C87="North",1,0) -> 0 | W87: =IF(C87="South",1,0) -> 0 | X87: =IF(C87="West",1,0) -> 1 | Y87: =IF(C87="East",1,0) -> 0
A88: STR-1022 | B88: 45717 | C88: West | D88: High Street | E88: 78231.91 | F88: 3788 | G88: 0.059 | H88: 11 | I88: 88.5 | J88: 15.51 | K88: =IF(ISBLANK(J88),MEDIAN($J$2:$J$321),J88) -> 15.51 | L88: =IF(ISBLANK(J88),1,0) -> 0 | M88: 0 | N88: 4.3 | O88: =IF(ISBLANK(N88),MEDIAN($N$2:$N$321),N88) -> 4.3 | P88: =IF(ISBLANK(N88),1,0) -> 0 | Q88: 614596.32 | R88: 131199.41 | S88: =IF(D88="High Street",1,0) -> 1 | T88: =IF(D88="Mall",1,0) -> 0 | U88: =IF(D88="Residential",1,0) -> 0 | V88: =IF(C88="North",1,0) -> 0 | W88: =IF(C88="South",1,0) -> 0 | X88: =IF(C88="West",1,0) -> 1 | Y88: =IF(C88="East",1,0) -> 0
A89: STR-1022 | B89: 45748 | C89: West | D89: High Street | E89: 18996.32 | F89: 1260 | G89: 0.145 | H89: 9 | I89: 86.4 | J89: 4.31 | K89: =IF(ISBLANK(J89),MEDIAN($J$2:$J$321),J89) -> 4.31 | L89: =IF(ISBLANK(J89),1,0) -> 0 | M89: 0 | N89: 4.6 | O89: =IF(ISBLANK(N89),MEDIAN($N$2:$N$321),N89) -> 4.6 | P89: =IF(ISBLANK(N89),1,0) -> 0 | Q89: 450711.92 | R89: 90043.76 | S89: =IF(D89="High Street",1,0) -> 1 | T89: =IF(D89="Mall",1,0) -> 0 | U89: =IF(D89="Residential",1,0) -> 0 | V89: =IF(C89="North",1,0) -> 0 | W89: =IF(C89="South",1,0) -> 0 | X89: =IF(C89="West",1,0) -> 1 | Y89: =IF(C89="East",1,0) -> 0
A90: STR-1023 | B90: 45658 | C90: South | D90: Mall | E90: 50517.94 | F90: 7024 | G90: 0.029 | H90: 18 | I90: 79.2 | J90: 6.61 | K90: =IF(ISBLANK(J90),MEDIAN($J$2:$J$321),J90) -> 6.61 | L90: =IF(ISBLANK(J90),1,0) -> 0 | M90: 1 | N90: 4.1 | O90: =IF(ISBLANK(N90),MEDIAN($N$2:$N$321),N90) -> 4.1 | P90: =IF(ISBLANK(N90),1,0) -> 0 | Q90: 711213.46 | R90: 105863.26 | S90: =IF(D90="High Street",1,0) -> 0 | T90: =IF(D90="Mall",1,0) -> 1 | U90: =IF(D90="Residential",1,0) -> 0 | V90: =IF(C90="North",1,0) -> 0 | W90: =IF(C90="South",1,0) -> 1 | X90: =IF(C90="West",1,0) -> 0 | Y90: =IF(C90="East",1,0) -> 0
A91: STR-1023 | B91: 45689 | C91: South | D91: Mall | E91: 141540.29 | F91: 5400 | G91: 0.013 | H91: 12 | I91: 87 | J91: 4.26 | K91: =IF(ISBLANK(J91),MEDIAN($J$2:$J$321),J91) -> 4.26 | L91: =IF(ISBLANK(J91),1,0) -> 0 | M91: 0 | N91: 4.5 | O91: =IF(ISBLANK(N91),MEDIAN($N$2:$N$321),N91) -> 4.5 | P91: =IF(ISBLANK(N91),1,0) -> 0 | Q91: 627171.9 | R91: 105772.75 | S91: =IF(D91="High Street",1,0) -> 0 | T91: =IF(D91="Mall",1,0) -> 1 | U91: =IF(D91="Residential",1,0) -> 0 | V91: =IF(C91="North",1,0) -> 0 | W91: =IF(C91="South",1,0) -> 1 | X91: =IF(C91="West",1,0) -> 0 | Y91: =IF(C91="East",1,0) -> 0
A92: STR-1023 | B92: 45717 | C92: South | D92: Mall | E92: 82116.19 | F92: 5988 | G92: 0.04 | H92: 17 | I92: 91.8 | J92: 5.75 | K92: =IF(ISBLANK(J92),MEDIAN($J$2:$J$321),J92) -> 5.75 | L92: =IF(ISBLANK(J92),1,0) -> 0 | M92: 0 | N92: 4.7 | O92: =IF(ISBLANK(N92),MEDIAN($N$2:$N$321),N92) -> 4.7 | P92: =IF(ISBLANK(N92),1,0) -> 0 | Q92: 739852.58 | R92: 129386.43 | S92: =IF(D92="High Street",1,0) -> 0 | T92: =IF(D92="Mall",1,0) -> 1 | U92: =IF(D92="Residential",1,0) -> 0 | V92: =IF(C92="North",1,0) -> 0 | W92: =IF(C92="South",1,0) -> 1 | X92: =IF(C92="West",1,0) -> 0 | Y92: =IF(C92="East",1,0) -> 0
A93: STR-1023 | B93: 45748 | C93: South | D93: Mall | E93: 31207.51 | F93: 3701 | G93: 0.043 | H93: 11 | I93: 84.7 | J93: 0.33 | K93: =IF(ISBLANK(J93),MEDIAN($J$2:$J$321),J93) -> 0.33 | L93: =IF(ISBLANK(J93),1,0) -> 0 | M93: 0 | N93: 4.3 | O93: =IF(ISBLANK(N93),MEDIAN($N$2:$N$321),N93) -> 4.3 | P93: =IF(ISBLANK(N93),1,0) -> 0 | Q93: 586307.22 | R93: 73927.85 | S93: =IF(D93="High Street",1,0) -> 0 | T93: =IF(D93="Mall",1,0) -> 1 | U93: =IF(D93="Residential",1,0) -> 0 | V93: =IF(C93="North",1,0) -> 0 | W93: =IF(C93="South",1,0) -> 1 | X93: =IF(C93="West",1,0) -> 0 | Y93: =IF(C93="East",1,0) -> 0
A94: STR-1024 | B94: 45658 | C94: West | D94: Residential | E94: 38966.59 | F94: 4509 | G94: 0.194 | H94: 14 | I94: 91.1 | J94: 2.92 | K94: =IF(ISBLANK(J94),MEDIAN($J$2:$J$321),J94) -> 2.92 | L94: =IF(ISBLANK(J94),1,0) -> 0 | M94: 0 | N94: 4.6 | O94: =IF(ISBLANK(N94),MEDIAN($N$2:$N$321),N94) -> 4.6 | P94: =IF(ISBLANK(N94),1,0) -> 0 | Q94: 585937.48 | R94: 82624.2 | S94: =IF(D94="High Street",1,0) -> 0 | T94: =IF(D94="Mall",1,0) -> 0 | U94: =IF(D94="Residential",1,0) -> 1 | V94: =IF(C94="North",1,0) -> 0 | W94: =IF(C94="South",1,0) -> 0 | X94: =IF(C94="West",1,0) -> 1 | Y94: =IF(C94="East",1,0) -> 0
A95: STR-1024 | B95: 45689 | C95: West | D95: Residential | E95: 67439.3 | F95: 6477 | G95: 0 | H95: 16 | I95: 90.9 | J95: 1.64 | K95: =IF(ISBLANK(J95),MEDIAN($J$2:$J$321),J95) -> 1.64 | L95: =IF(ISBLANK(J95),1,0) -> 0 | M95: 0 | N95: 4.5 | O95: =IF(ISBLANK(N95),MEDIAN($N$2:$N$321),N95) -> 4.5 | P95: =IF(ISBLANK(N95),1,0) -> 0 | Q95: 753473.55 | R95: 151527.22 | S95: =IF(D95="High Street",1,0) -> 0 | T95: =IF(D95="Mall",1,0) -> 0 | U95: =IF(D95="Residential",1,0) -> 1 | V95: =IF(C95="North",1,0) -> 0 | W95: =IF(C95="South",1,0) -> 0 | X95: =IF(C95="West",1,0) -> 1 | Y95: =IF(C95="East",1,0) -> 0
A96: STR-1024 | B96: 45717 | C96: West | D96: Residential | E96: 86421.88 | F96: 7970 | G96: 0.073 | H96: 17 | I96: 91.3 | J96: 0.8 | K96: =IF(ISBLANK(J96),MEDIAN($J$2:$J$321),J96) -> 0.8 | L96: =IF(ISBLANK(J96),1,0) -> 0 | M96: 0 | N96: 5 | O96: =IF(ISBLANK(N96),MEDIAN($N$2:$N$321),N96) -> 5 | P96: =IF(ISBLANK(N96),1,0) -> 0 | Q96: 838250.32 | R96: 122939.34 | S96: =IF(D96="High Street",1,0) -> 0 | T96: =IF(D96="Mall",1,0) -> 0 | U96: =IF(D96="Residential",1,0) -> 1 | V96: =IF(C96="North",1,0) -> 0 | W96: =IF(C96="South",1,0) -> 0 | X96: =IF(C96="West",1,0) -> 1 | Y96: =IF(C96="East",1,0) -> 0
A97: STR-1024 | B97: 45748 | C97: West | D97: Residential | E97: 9534.65 | F97: 6057 | G97: 0.074 | H97: 15 | I97: 94.1 | J97: 5.79 | K97: =IF(ISBLANK(J97),MEDIAN($J$2:$J$321),J97) -> 5.79 | L97: =IF(ISBLANK(J97),1,0) -> 0 | M97: 0 | N97: 4.5 | O97: =IF(ISBLANK(N97),MEDIAN($N$2:$N$321),N97) -> 4.5 | P97: =IF(ISBLANK(N97),1,0) -> 0 | Q97: 607898.12 | R97: 135404.85 | S97: =IF(D97="High Street",1,0) -> 0 | T97: =IF(D97="Mall",1,0) -> 0 | U97: =IF(D97="Residential",1,0) -> 1 | V97: =IF(C97="North",1,0) -> 0 | W97: =IF(C97="South",1,0) -> 0 | X97: =IF(C97="West",1,0) -> 1 | Y97: =IF(C97="East",1,0) -> 0
A98: STR-1025 | B98: 45658 | C98: West | D98: Mall | E98: 61132.07 | F98: 6394 | G98: 0.163 | H98: 19 | I98: 91 | J98: 19.6 | K98: =IF(ISBLANK(J98),MEDIAN($J$2:$J$321),J98) -> 19.6 | L98: =IF(ISBLANK(J98),1,0) -> 0 | M98: 0 | N98: 4.4 | O98: =IF(ISBLANK(N98),MEDIAN($N$2:$N$321),N98) -> 4.4 | P98: =IF(ISBLANK(N98),1,0) -> 0 | Q98: 691113.62 | R98: 135145.44 | S98: =IF(D98="High Street",1,0) -> 0 | T98: =IF(D98="Mall",1,0) -> 1 | U98: =IF(D98="Residential",1,0) -> 0 | V98: =IF(C98="North",1,0) -> 0 | W98: =IF(C98="South",1,0) -> 0 | X98: =IF(C98="West",1,0) -> 1 | Y98: =IF(C98="East",1,0) -> 0
A99: STR-1025 | B99: 45689 | C99: West | D99: Mall | E99: 78839.39 | F99: 5150 | G99: 0.171 | H99: 13 | I99: 85.8 | J99: 7.57 | K99: =IF(ISBLANK(J99),MEDIAN($J$2:$J$321),J99) -> 7.57 | L99: =IF(ISBLANK(J99),1,0) -> 0 | M99: 0 | N99: 4.3 | O99: =IF(ISBLANK(N99),MEDIAN($N$2:$N$321),N99) -> 4.3 | P99: =IF(ISBLANK(N99),1,0) -> 0 | Q99: 735509.4 | R99: 83895.96 | S99: =IF(D99="High Street",1,0) -> 0 | T99: =IF(D99="Mall",1,0) -> 1 | U99: =IF(D99="Residential",1,0) -> 0 | V99: =IF(C99="North",1,0) -> 0 | W99: =IF(C99="South",1,0) -> 0 | X99: =IF(C99="West",1,0) -> 1 | Y99: =IF(C99="East",1,0) -> 0
A100: STR-1025 | B100: 45717 | C100: West | D100: Mall | E100: 38752.8 | F100: 4712 | G100: 0.075 | H100: 15 | I100: 89.7 | K100: =IF(ISBLANK(J100),MEDIAN($J$2:$J$321),J100) -> 3.365 | L100: =IF(ISBLANK(J100),1,0) -> 1 | M100: 0 | N100: 4.3 | O100: =IF(ISBLANK(N100),MEDIAN($N$2:$N$321),N100) -> 4.3 | P100: =IF(ISBLANK(N100),1,0) -> 0 | Q100: 605775.33 | R100: 107194.6 | S100: =IF(D100="High Street",1,0) -> 0 | T100: =IF(D100="Mall",1,0) -> 1 | U100: =IF(D100="Residential",1,0) -> 0 | V100: =IF(C100="North",1,0) -> 0 | W100: =IF(C100="South",1,0) -> 0 | X100: =IF(C100="West",1,0) -> 1 | Y100: =IF(C100="East",1,0) -> 0
A101: STR-1025 | B101: 45748 | C101: West | D101: Mall | E101: 55101.1 | F101: 5281 | G101: 0.189 | H101: 11 | I101: 91 | J101: 2.7 | K101: =IF(ISBLANK(J101),MEDIAN($J$2:$J$321),J101) -> 2.7 | L101: =IF(ISBLANK(J101),1,0) -> 0 | M101: 0 | N101: 4.4 | O101: =IF(ISBLANK(N101),MEDIAN($N$2:$N$321),N101) -> 4.4 | P101: =IF(ISBLANK(N101),1,0) -> 0 | Q101: 675177.68 | R101: 105628.68 | S101: =IF(D101="High Street",1,0) -> 0 | T101: =IF(D101="Mall",1,0) -> 1 | U101: =IF(D101="Residential",1,0) -> 0 | V101: =IF(C101="North",1,0) -> 0 | W101: =IF(C101="South",1,0) -> 0 | X101: =IF(C101="West",1,0) -> 1 | Y101: =IF(C101="East",1,0) -> 0
A102: STR-1026 | B102: 45658 | C102: East | D102: Mall | E102: 53084.76 | F102: 3642 | G102: 0.15 | H102: 12 | I102: 91.4 | J102: 0.2 | K102: =IF(ISBLANK(J102),MEDIAN($J$2:$J$321),J102) -> 0.2 | L102: =IF(ISBLANK(J102),1,0) -> 0 | M102: 0 | N102: 4.4 | O102: =IF(ISBLANK(N102),MEDIAN($N$2:$N$321),N102) -> 4.4 | P102: =IF(ISBLANK(N102),1,0) -> 0 | Q102: 635181.35 | R102: 83341.25 | S102: =IF(D102="High Street",1,0) -> 0 | T102: =IF(D102="Mall",1,0) -> 1 | U102: =IF(D102="Residential",1,0) -> 0 | V102: =IF(C102="North",1,0) -> 0 | W102: =IF(C102="South",1,0) -> 0 | X102: =IF(C102="West",1,0) -> 0 | Y102: =IF(C102="East",1,0) -> 1
A103: STR-1026 | B103: 45689 | C103: East | D103: Mall | E103: 63101.59 | F103: 4373 | G103: 0.173 | H103: 14 | I103: 90.4 | J103: 7.87 | K103: =IF(ISBLANK(J103),MEDIAN($J$2:$J$321),J103) -> 7.87 | L103: =IF(ISBLANK(J103),1,0) -> 0 | M103: 0 | N103: 4.7 | O103: =IF(ISBLANK(N103),MEDIAN($N$2:$N$321),N103) -> 4.7 | P103: =IF(ISBLANK(N103),1,0) -> 0 | Q103: 586626.94 | R103: 86498.55 | S103: =IF(D103="High Street",1,0) -> 0 | T103: =IF(D103="Mall",1,0) -> 1 | U103: =IF(D103="Residential",1,0) -> 0 | V103: =IF(C103="North",1,0) -> 0 | W103: =IF(C103="South",1,0) -> 0 | X103: =IF(C103="West",1,0) -> 0 | Y103: =IF(C103="East",1,0) -> 1
A104: STR-1026 | B104: 45717 | C104: East | D104: Mall | E104: 90084.4 | F104: 6832 | G104: 0.185 | H104: 14 | I104: 80.5 | J104: 0.77 | K104: =IF(ISBLANK(J104),MEDIAN($J$2:$J$321),J104) -> 0.77 | L104: =IF(ISBLANK(J104),1,0) -> 0 | M104: 1 | N104: 4.4 | O104: =IF(ISBLANK(N104),MEDIAN($N$2:$N$321),N104) -> 4.4 | P104: =IF(ISBLANK(N104),1,0) -> 0 | Q104: 740102.64 | R104: 114299.07 | S104: =IF(D104="High Street",1,0) -> 0 | T104: =IF(D104="Mall",1,0) -> 1 | U104: =IF(D104="Residential",1,0) -> 0 | V104: =IF(C104="North",1,0) -> 0 | W104: =IF(C104="South",1,0) -> 0 | X104: =IF(C104="West",1,0) -> 0 | Y104: =IF(C104="East",1,0) -> 1
A105: STR-1026 | B105: 45748 | C105: East | D105: Mall | E105: 32266.64 | F105: 2414 | G105: 0.08 | H105: 7 | I105: 92.1 | J105: 1.48 | K105: =IF(ISBLANK(J105),MEDIAN($J$2:$J$321),J105) -> 1.48 | L105: =IF(ISBLANK(J105),1,0) -> 0 | M105: 0 | N105: 5 | O105: =IF(ISBLANK(N105),MEDIAN($N$2:$N$321),N105) -> 5 | P105: =IF(ISBLANK(N105),1,0) -> 0 | Q105: 625514.04 | R105: 120685.08 | S105: =IF(D105="High Street",1,0) -> 0 | T105: =IF(D105="Mall",1,0) -> 1 | U105: =IF(D105="Residential",1,0) -> 0 | V105: =IF(C105="North",1,0) -> 0 | W105: =IF(C105="South",1,0) -> 0 | X105: =IF(C105="West",1,0) -> 0 | Y105: =IF(C105="East",1,0) -> 1
A106: STR-1027 | B106: 45658 | C106: West | D106: High Street | E106: 57919.07 | F106: 7374 | G106: 0.103 | H106: 21 | I106: 82.3 | J106: 2.87 | K106: =IF(ISBLANK(J106),MEDIAN($J$2:$J$321),J106) -> 2.87 | L106: =IF(ISBLANK(J106),1,0) -> 0 | M106: 0 | N106: 2.9 | O106: =IF(ISBLANK(N106),MEDIAN($N$2:$N$321),N106) -> 2.9 | P106: =IF(ISBLANK(N106),1,0) -> 0 | Q106: 727227.2 | R106: 121292.01 | S106: =IF(D106="High Street",1,0) -> 1 | T106: =IF(D106="Mall",1,0) -> 0 | U106: =IF(D106="Residential",1,0) -> 0 | V106: =IF(C106="North",1,0) -> 0 | W106: =IF(C106="South",1,0) -> 0 | X106: =IF(C106="West",1,0) -> 1 | Y106: =IF(C106="East",1,0) -> 0
A107: STR-1027 | B107: 45689 | C107: West | D107: High Street | E107: 74679.35 | F107: 8739 | G107: 0.056 | H107: 21 | I107: 91.8 | J107: 2.83 | K107: =IF(ISBLANK(J107),MEDIAN($J$2:$J$321),J107) -> 2.83 | L107: =IF(ISBLANK(J107),1,0) -> 0 | M107: 0 | N107: 3 | O107: =IF(ISBLANK(N107),MEDIAN($N$2:$N$321),N107) -> 3 | P107: =IF(ISBLANK(N107),1,0) -> 0 | Q107: 783797.89 | R107: 157620.7 | S107: =IF(D107="High Street",1,0) -> 1 | T107: =IF(D107="Mall",1,0) -> 0 | U107: =IF(D107="Residential",1,0) -> 0 | V107: =IF(C107="North",1,0) -> 0 | W107: =IF(C107="South",1,0) -> 0 | X107: =IF(C107="West",1,0) -> 1 | Y107: =IF(C107="East",1,0) -> 0
A108: STR-1027 | B108: 45717 | C108: West | D108: High Street | E108: 64294.23 | F108: 6992 | G108: 0.133 | H108: 14 | I108: 94.1 | J108: 0.25 | K108: =IF(ISBLANK(J108),MEDIAN($J$2:$J$321),J108) -> 0.25 | L108: =IF(ISBLANK(J108),1,0) -> 0 | M108: 0 | N108: 3 | O108: =IF(ISBLANK(N108),MEDIAN($N$2:$N$321),N108) -> 3 | P108: =IF(ISBLANK(N108),1,0) -> 0 | Q108: 795153.84 | R108: 143194.21 | S108: =IF(D108="High Street",1,0) -> 1 | T108: =IF(D108="Mall",1,0) -> 0 | U108: =IF(D108="Residential",1,0) -> 0 | V108: =IF(C108="North",1,0) -> 0 | W108: =IF(C108="South",1,0) -> 0 | X108: =IF(C108="West",1,0) -> 1 | Y108: =IF(C108="East",1,0) -> 0
A109: STR-1027 | B109: 45748 | C109: West | D109: High Street | E109: 31042.03 | F109: 7107 | G109: 0.051 | H109: 15 | I109: 87 | J109: 13.33 | K109: =IF(ISBLANK(J109),MEDIAN($J$2:$J$321),J109) -> 13.33 | L109: =IF(ISBLANK(J109),1,0) -> 0 | M109: 0 | N109: 3.2 | O109: =IF(ISBLANK(N109),MEDIAN($N$2:$N$321),N109) -> 3.2 | P109: =IF(ISBLANK(N109),1,0) -> 0 | Q109: 665594.94 | R109: 127597.34 | S109: =IF(D109="High Street",1,0) -> 1 | T109: =IF(D109="Mall",1,0) -> 0 | U109: =IF(D109="Residential",1,0) -> 0 | V109: =IF(C109="North",1,0) -> 0 | W109: =IF(C109="South",1,0) -> 0 | X109: =IF(C109="West",1,0) -> 1 | Y109: =IF(C109="East",1,0) -> 0
A110: STR-1028 | B110: 45658 | C110: East | D110: Mall | E110: 75265.02 | F110: 6975 | G110: 0.157 | H110: 20 | I110: 73.8 | J110: 6.35 | K110: =IF(ISBLANK(J110),MEDIAN($J$2:$J$321),J110) -> 6.35 | L110: =IF(ISBLANK(J110),1,0) -> 0 | M110: 1 | N110: 3.8 | O110: =IF(ISBLANK(N110),MEDIAN($N$2:$N$321),N110) -> 3.8 | P110: =IF(ISBLANK(N110),1,0) -> 0 | Q110: 709478.39 | R110: 71294.27 | S110: =IF(D110="High Street",1,0) -> 0 | T110: =IF(D110="Mall",1,0) -> 1 | U110: =IF(D110="Residential",1,0) -> 0 | V110: =IF(C110="North",1,0) -> 0 | W110: =IF(C110="South",1,0) -> 0 | X110: =IF(C110="West",1,0) -> 0 | Y110: =IF(C110="East",1,0) -> 1
A111: STR-1028 | B111: 45689 | C111: East | D111: Mall | E111: 69411.7 | F111: 5493 | G111: 0.292 | H111: 13 | I111: 86.5 | J111: 6.69 | K111: =IF(ISBLANK(J111),MEDIAN($J$2:$J$321),J111) -> 6.69 | L111: =IF(ISBLANK(J111),1,0) -> 0 | M111: 0 | N111: 3.8 | O111: =IF(ISBLANK(N111),MEDIAN($N$2:$N$321),N111) -> 3.8 | P111: =IF(ISBLANK(N111),1,0) -> 0 | Q111: 664162.49 | R111: 98291.06 | S111: =IF(D111="High Street",1,0) -> 0 | T111: =IF(D111="Mall",1,0) -> 1 | U111: =IF(D111="Residential",1,0) -> 0 | V111: =IF(C111="North",1,0) -> 0 | W111: =IF(C111="South",1,0) -> 0 | X111: =IF(C111="West",1,0) -> 0 | Y111: =IF(C111="East",1,0) -> 1
A112: STR-1028 | B112: 45717 | C112: East | D112: Mall | E112: 51056.15 | F112: 5686 | G112: 0.089 | H112: 13 | I112: 89.9 | J112: 1.28 | K112: =IF(ISBLANK(J112),MEDIAN($J$2:$J$321),J112) -> 1.28 | L112: =IF(ISBLANK(J112),1,0) -> 0 | M112: 0 | N112: 4.2 | O112: =IF(ISBLANK(N112),MEDIAN($N$2:$N$321),N112) -> 4.2 | P112: =IF(ISBLANK(N112),1,0) -> 0 | Q112: 633494.21 | R112: 105739.47 | S112: =IF(D112="High Street",1,0) -> 0 | T112: =IF(D112="Mall",1,0) -> 1 | U112: =IF(D112="Residential",1,0) -> 0 | V112: =IF(C112="North",1,0) -> 0 | W112: =IF(C112="South",1,0) -> 0 | X112: =IF(C112="West",1,0) -> 0 | Y112: =IF(C112="East",1,0) -> 1
... A134: STR-1034 | B134: 45658 | C134: North | D134: High Street | E134: 70276.28 | F134: 3043 | G134: 0.079 | H134: 9 | I134: 87.9 | J134: 3.77 | K134: =IF(ISBLANK(J134),MEDIAN($J$2:$J$321),J134) -> 3.77 | L134: =IF(ISBLANK(J134),1,0) -> 0 | M134: 0 | N134: 4.4 | O134: =IF(ISBLANK(N134),MEDIAN($N$2:$N$321),N134) -> 4.4 | P134: =IF(ISBLANK(N134),1,0) -> 0 | Q134: 527300.13 | R134: 84197.87 | S134: =IF(D134="High Street",1,0) -> 1 | T134: =IF(D134="Mall",1,0) -> 0 | U134: =IF(D134="Residential",1,0) -> 0 | V134: =IF(C134="North",1,0) -> 1 | W134: =IF(C134="South",1,0) -> 0 | X134: =IF(C134="West",1,0) -> 0 | Y134: =IF(C134="East",1,0) -> 0
A135: STR-1034 | B135: 45689 | C135: North | D135: High Street | E135: 22071.64 | F135: 1814 | G135: 0.196 | H135: 8 | I135: 81.1 | J135: 0.78 | K135: =IF(ISBLANK(J135),MEDIAN($J$2:$J$321),J135) -> 0.78 | L135: =IF(ISBLANK(J135),1,0) -> 0 | M135: 0 | O135: =IF(ISBLANK(N135),MEDIAN($N$2:$N$321),N135) -> 3.9 | P135: =IF(ISBLANK(N135),1,0) -> 1 | Q135: 400831.65 | R135: 70979.31 | S135: =IF(D135="High Street",1,0) -> 1 | T135: =IF(D135="Mall",1,0) -> 0 | U135: =IF(D135="Residential",1,0) -> 0 | V135: =IF(C135="North",1,0) -> 1 | W135: =IF(C135="South",1,0) -> 0 | X135: =IF(C135="West",1,0) -> 0 | Y135: =IF(C135="East",1,0) -> 0
A136: STR-1034 | B136: 45717 | C136: North | D136: High Street | E136: 52285.45 | F136: 3618 | G136: 0.086 | H136: 11 | I136: 95.6 | J136: 5.17 | K136: =IF(ISBLANK(J136),MEDIAN($J$2:$J$321),J136) -> 5.17 | L136: =IF(ISBLANK(J136),1,0) -> 0 | M136: 1 | N136: 4.4 | O136: =IF(ISBLANK(N136),MEDIAN($N$2:$N$321),N136) -> 4.4 | P136: =IF(ISBLANK(N136),1,0) -> 0 | Q136: 593247.25 | R136: 81240.29 | S136: =IF(D136="High Street",1,0) -> 1 | T136: =IF(D136="Mall",1,0) -> 0 | U136: =IF(D136="Residential",1,0) -> 0 | V136: =IF(C136="North",1,0) -> 1 | W136: =IF(C136="South",1,0) -> 0 | X136: =IF(C136="West",1,0) -> 0 | Y136: =IF(C136="East",1,0) -> 0
A137: STR-1034 | B137: 45748 | C137: North | D137: High Street | E137: 70366.76 | F137: 1963 | G137: 0.182 | H137: 8 | I137: 89.8 | J137: 3.2 | K137: =IF(ISBLANK(J137),MEDIAN($J$2:$J$321),J137) -> 3.2 | L137: =IF(ISBLANK(J137),1,0) -> 0 | M137: 0 | N137: 4.6 | O137: =IF(ISBLANK(N137),MEDIAN($N$2:$N$321),N137) -> 4.6 | P137: =IF(ISBLANK(N137),1,0) -> 0 | Q137: 529075.95 | R137: 95978.83 | S137: =IF(D137="High Street",1,0) -> 1 | T137: =IF(D137="Mall",1,0) -> 0 | U137: =IF(D137="Residential",1,0) -> 0 | V137: =IF(C137="North",1,0) -> 1 | W137: =IF(C137="South",1,0) -> 0 | X137: =IF(C137="West",1,0) -> 0 | Y137: =IF(C137="East",1,0) -> 0
A138: STR-1035 | B138: 45658 | C138: South | D138: Residential | E138: 71320.66 | F138: 7888 | G138: 0.048 | H138: 20 | I138: 78.1 | J138: 3.4 | K138: =IF(ISBLANK(J138),MEDIAN($J$2:$J$321),J138) -> 3.4 | L138: =IF(ISBLANK(J138),1,0) -> 0 | M138: 0 | O138: =IF(ISBLANK(N138),MEDIAN($N$2:$N$321),N138) -> 3.9 | P138: =IF(ISBLANK(N138),1,0) -> 1 | Q138: 633638.03 | R138: 99402.01 | S138: =IF(D138="High Street",1,0) -> 0 | T138: =IF(D138="Mall",1,0) -> 0 | U138: =IF(D138="Residential",1,0) -> 1 | V138: =IF(C138="North",1,0) -> 0 | W138: =IF(C138="South",1,0) -> 1 | X138: =IF(C138="West",1,0) -> 0 | Y138: =IF(C138="East",1,0) -> 0
A139: STR-1035 | B139: 45689 | C139: South | D139: Residential | E139: 75109.67 | F139: 6244 | G139: 0.079 | H139: 15 | I139: 96.3 | J139: 7.38 | K139: =IF(ISBLANK(J139),MEDIAN($J$2:$J$321),J139) -> 7.38 | L139: =IF(ISBLANK(J139),1,0) -> 0 | M139: 0 | N139: 3.7 | O139: =IF(ISBLANK(N139),MEDIAN($N$2:$N$321),N139) -> 3.7 | P139: =IF(ISBLANK(N139),1,0) -> 0 | Q139: 743348.84 | R139: 104186.09 | S139: =IF(D139="High Street",1,0) -> 0 | T139: =IF(D139="Mall",1,0) -> 0 | U139: =IF(D139="Residential",1,0) -> 1 | V139: =IF(C139="North",1,0) -> 0 | W139: =IF(C139="South",1,0) -> 1 | X139: =IF(C139="West",1,0) -> 0 | Y139: =IF(C139="East",1,0) -> 0
A140: STR-1035 | B140: 45717 | C140: South | D140: Residential | E140: 69779 | F140: 6544 | G140: 0.152 | H140: 18 | I140: 90.2 | J140: 0.85 | K140: =IF(ISBLANK(J140),MEDIAN($J$2:$J$321),J140) -> 0.85 | L140: =IF(ISBLANK(J140),1,0) -> 0 | M140: 1 | N140: 3.3 | O140: =IF(ISBLANK(N140),MEDIAN($N$2:$N$321),N140) -> 3.3 | P140: =IF(ISBLANK(N140),1,0) -> 0 | Q140: 758827.64 | R140: 161439.48 | S140: =IF(D140="High Street",1,0) -> 0 | T140: =IF(D140="Mall",1,0) -> 0 | U140: =IF(D140="Residential",1,0) -> 1 | V140: =IF(C140="North",1,0) -> 0 | W140: =IF(C140="South",1,0) -> 1 | X140: =IF(C140="West",1,0) -> 0 | Y140: =IF(C140="East",1,0) -> 0
A141: STR-1035 | B141: 45748 | C141: South | D141: Residential | E141: 44211.95 | F141: 5465 | G141: 0.187 | H141: 12 | I141: 90 | J141: 2.89 | K141: =IF(ISBLANK(J141),MEDIAN($J$2:$J$321),J141) -> 2.89 | L141: =IF(ISBLANK(J141),1,0) -> 0 | M141: 0 | N141: 3.6 | O141: =IF(ISBLANK(N141),MEDIAN($N$2:$N$321),N141) -> 3.6 | P141: =IF(ISBLANK(N141),1,0) -> 0 | Q141: 646559.71 | R141: 97981.75 | S141: =IF(D141="High Street",1,0) -> 0 | T141: =IF(D141="Mall",1,0) -> 0 | U141: =IF(D141="Residential",1,0) -> 1 | V141: =IF(C141="North",1,0) -> 0 | W141: =IF(C141="South",1,0) -> 1 | X141: =IF(C141="West",1,0) -> 0 | Y141: =IF(C141="East",1,0) -> 0
A142: STR-1036 | B142: 45658 | C142: West | D142: High Street | E142: 51430.31 | F142: 6427 | G142: 0.234 | H142: 14 | I142: 88.8 | J142: 0.77 | K142: =IF(ISBLANK(J142),MEDIAN($J$2:$J$321),J142) -> 0.77 | L142: =IF(ISBLANK(J142),1,0) -> 0 | M142: 0 | N142: 4.1 | O142: =IF(ISBLANK(N142),MEDIAN($N$2:$N$321),N142) -> 4.1 | P142: =IF(ISBLANK(N142),1,0) -> 0 | Q142: 715890.53 | R142: 109032.15 | S142: =IF(D142="High Street",1,0) -> 1 | T142: =IF(D142="Mall",1,0) -> 0 | U142: =IF(D142="Residential",1,0) -> 0 | V142: =IF(C142="North",1,0) -> 0 | W142: =IF(C142="South",1,0) -> 0 | X142: =IF(C142="West",1,0) -> 1 | Y142: =IF(C142="East",1,0) -> 0
A143: STR-1036 | B143: 45689 | C143: West | D143: High Street | E143: 45706.49 | F143: 6704 | G143: 0.038 | H143: 15 | I143: 94.2 | J143: 2.92 | K143: =IF(ISBLANK(J143),MEDIAN($J$2:$J$321),J143) -> 2.92 | L143: =IF(ISBLANK(J143),1,0) -> 0 | M143: 0 | N143: 4.2 | O143: =IF(ISBLANK(N143),MEDIAN($N$2:$N$321),N143) -> 4.2 | P143: =IF(ISBLANK(N143),1,0) -> 0 | Q143: 715097.57 | R143: 151875.86 | S143: =IF(D143="High Street",1,0) -> 1 | T143: =IF(D143="Mall",1,0) -> 0 | U143: =IF(D143="Residential",1,0) -> 0 | V143: =IF(C143="North",1,0) -> 0 | W143: =IF(C143="South",1,0) -> 0 | X143: =IF(C143="West",1,0) -> 1 | Y143: =IF(C143="East",1,0) -> 0
A144: STR-1036 | B144: 45717 | C144: West | D144: High Street | E144: 44034.6 | F144: 5645 | G144: 0.069 | H144: 18 | I144: 88.5 | J144: 3.07 | K144: =IF(ISBLANK(J144),MEDIAN($J$2:$J$321),J144) -> 3.07 | L144: =IF(ISBLANK(J144),1,0) -> 0 | M144: 0 | N144: 3.8 | O144: =IF(ISBLANK(N144),MEDIAN($N$2:$N$321),N144) -> 3.8 | P144: =IF(ISBLANK(N144),1,0) -> 0 | Q144: 682639.28 | R144: 77557.53 | S144: =IF(D144="High Street",1,0) -> 1 | T144: =IF(D144="Mall",1,0) -> 0 | U144: =IF(D144="Residential",1,0) -> 0 | V144: =IF(C144="North",1,0) -> 0 | W144: =IF(C144="South",1,0) -> 0 | X144: =IF(C144="West",1,0) -> 1 | Y144: =IF(C144="East",1,0) -> 0
A145: STR-1036 | B145: 45748 | C145: West | D145: High Street | E145: 50198.12 | F145: 6089 | G145: 0.182 | H145: 19 | I145: 94 | J145: 9.7 | K145: =IF(ISBLANK(J145),MEDIAN($J$2:$J$321),J145) -> 9.7 | L145: =IF(ISBLANK(J145),1,0) -> 0 | M145: 0 | N145: 3.9 | O145: =IF(ISBLANK(N145),MEDIAN($N$2:$N$321),N145) -> 3.9 | P145: =IF(ISBLANK(N145),1,0) -> 0 | Q145: 695098.51 | R145: 108192.75 | S145: =IF(D145="High Street",1,0) -> 1 | T145: =IF(D145="Mall",1,0) -> 0 | U145: =IF(D145="Residential",1,0) -> 0 | V145: =IF(C145="North",1,0) -> 0 | W145: =IF(C145="South",1,0) -> 0 | X145: =IF(C145="West",1,0) -> 1 | Y145: =IF(C145="East",1,0) -> 0
A146: STR-1037 | B146: 45658 | C146: North | D146: Residential | E146: 70488.2 | F146: 4312 | G146: 0.169 | H146: 12 | I146: 90.2 | J146: 3.71 | K146: =IF(ISBLANK(J146),MEDIAN($J$2:$J$321),J146) -> 3.71 | L146: =IF(ISBLANK(J146),1,0) -> 0 | M146: 0 | N146: 3.2 | O146: =IF(ISBLANK(N146),MEDIAN($N$2:$N$321),N146) -> 3.2 | P146: =IF(ISBLANK(N146),1,0) -> 0 | Q146: 577732.57 | R146: 93804.27 | S146: =IF(D146="High Street",1,0) -> 0 | T146: =IF(D146="Mall",1,0) -> 0 | U146: =IF(D146="Residential",1,0) -> 1 | V146: =IF(C146="North",1,0) -> 1 | W146: =IF(C146="South",1,0) -> 0 | X146: =IF(C146="West",1,0) -> 0 | Y146: =IF(C146="East",1,0) -> 0
A147: STR-1037 | B147: 45689 | C147: North | D147: Residential | E147: 50909.27 | F147: 3152 | G147: 0.06 | H147: 13 | I147: 93.7 | J147: 10.79 | K147: =IF(ISBLANK(J147),MEDIAN($J$2:$J$321),J147) -> 10.79 | L147: =IF(ISBLANK(J147),1,0) -> 0 | M147: 0 | N147: 3.5 | O147: =IF(ISBLANK(N147),MEDIAN($N$2:$N$321),N147) -> 3.5 | P147: =IF(ISBLANK(N147),1,0) -> 0 | Q147: 537058.33 | R147: 93555.71 | S147: =IF(D147="High Street",1,0) -> 0 | T147: =IF(D147="Mall",1,0) -> 0 | U147: =IF(D147="Residential",1,0) -> 1 | V147: =IF(C147="North",1,0) -> 1 | W147: =IF(C147="South",1,0) -> 0 | X147: =IF(C147="West",1,0) -> 0 | Y147: =IF(C147="East",1,0) -> 0
A148: STR-1037 | B148: 45717 | C148: North | D148: Residential | E148: 53351.7 | F148: 4259 | G148: 0.156 | H148: 15 | I148: 93.7 | J148: 6.03 | K148: =IF(ISBLANK(J148),MEDIAN($J$2:$J$321),J148) -> 6.03 | L148: =IF(ISBLANK(J148),1,0) -> 0 | M148: 0 | N148: 3.4 | O148: =IF(ISBLANK(N148),MEDIAN($N$2:$N$321),N148) -> 3.4 | P148: =IF(ISBLANK(N148),1,0) -> 0 | Q148: 601568.87 | R148: 91634.82 | S148: =IF(D148="High Street",1,0) -> 0 | T148: =IF(D148="Mall",1,0) -> 0 | U148: =IF(D148="Residential",1,0) -> 1 | V148: =IF(C148="North",1,0) -> 1 | W148: =IF(C148="South",1,0) -> 0 | X148: =IF(C148="West",1,0) -> 0 | Y148: =IF(C148="East",1,0) -> 0
A149: STR-1037 | B149: 45748 | C149: North | D149: Residential | E149: 60322.4 | F149: 3350 | G149: 0.108 | H149: 12 | I149: 89.4 | J149: 4.92 | K149: =IF(ISBLANK(J149),MEDIAN($J$2:$J$321),J149) -> 4.92 | L149: =IF(ISBLANK(J149),1,0) -> 0 | M149: 0 | N149: 3.4 | O149: =IF(ISBLANK(N149),MEDIAN($N$2:$N$321),N149) -> 3.4 | P149: =IF(ISBLANK(N149),1,0) -> 0 | Q149: 570964.84 | R149: 81331.07 | S149: =IF(D149="High Street",1,0) -> 0 | T149: =IF(D149="Mall",1,0) -> 0 | U149: =IF(D149="Residential",1,0) -> 1 | V149: =IF(C149="North",1,0) -> 1 | W149: =IF(C149="South",1,0) -> 0 | X149: =IF(C149="West",1,0) -> 0 | Y149: =IF(C149="East",1,0) -> 0
A150: STR-1038 | B150: 45658 | C150: South | D150: Mall | E150: 51575.68 | F150: 5329 | G150: 0.047 | H150: 17 | I150: 88.1 | J150: 19.78 | K150: =IF(ISBLANK(J150),MEDIAN($J$2:$J$321),J150) -> 19.78 | L150: =IF(ISBLANK(J150),1,0) -> 0 | M150: 0 | N150: 3.8 | O150: =IF(ISBLANK(N150),MEDIAN($N$2:$N$321),N150) -> 3.8 | P150: =IF(ISBLANK(N150),1,0) -> 0 | Q150: 614024.91 | R150: 84828.93 | S150: =IF(D150="High Street",1,0) -> 0 | T150: =IF(D150="Mall",1,0) -> 1 | U150: =IF(D150="Residential",1,0) -> 0 | V150: =IF(C150="North",1,0) -> 0 | W150: =IF(C150="South",1,0) -> 1 | X150: =IF(C150="West",1,0) -> 0 | Y150: =IF(C150="East",1,0) -> 0
... A163: STR-1041 | B163: 45689 | C163: South | D163: High Street | E163: 48438.85 | F163: 6992 | G163: 0.034 | H163: 20 | I163: 91 | J163: 4.36 | K163: =IF(ISBLANK(J163),MEDIAN($J$2:$J$321),J163) -> 4.36 | L163: =IF(ISBLANK(J163),1,0) -> 0 | M163: 0 | N163: 4.2 | O163: =IF(ISBLANK(N163),MEDIAN($N$2:$N$321),N163) -> 4.2 | P163: =IF(ISBLANK(N163),1,0) -> 0 | Q163: 778298.88 | R163: 130076.72 | S163: =IF(D163="High Street",1,0) -> 1 | T163: =IF(D163="Mall",1,0) -> 0 | U163: =IF(D163="Residential",1,0) -> 0 | V163: =IF(C163="North",1,0) -> 0 | W163: =IF(C163="South",1,0) -> 1 | X163: =IF(C163="West",1,0) -> 0 | Y163: =IF(C163="East",1,0) -> 0
A164: STR-1041 | B164: 45717 | C164: South | D164: High Street | E164: 57143.3 | F164: 8038 | G164: 0.193 | H164: 17 | I164: 72.6 | K164: =IF(ISBLANK(J164),MEDIAN($J$2:$J$321),J164) -> 3.365 | L164: =IF(ISBLANK(J164),1,0) -> 1 | M164: 0 | N164: 4.2 | O164: =IF(ISBLANK(N164),MEDIAN($N$2:$N$321),N164) -> 4.2 | P164: =IF(ISBLANK(N164),1,0) -> 0 | Q164: 677096.71 | R164: 97174.11 | S164: =IF(D164="High Street",1,0) -> 1 | T164: =IF(D164="Mall",1,0) -> 0 | U164: =IF(D164="Residential",1,0) -> 0 | V164: =IF(C164="North",1,0) -> 0 | W164: =IF(C164="South",1,0) -> 1 | X164: =IF(C164="West",1,0) -> 0 | Y164: =IF(C164="East",1,0) -> 0
A165: STR-1041 | B165: 45748 | C165: South | D165: High Street | E165: 66870.62 | F165: 6055 | G165: 0.075 | H165: 19 | I165: 93.8 | J165: 0.54 | K165: =IF(ISBLANK(J165),MEDIAN($J$2:$J$321),J165) -> 0.54 | L165: =IF(ISBLANK(J165),1,0) -> 0 | M165: 0 | N165: 4.3 | O165: =IF(ISBLANK(N165),MEDIAN($N$2:$N$321),N165) -> 4.3 | P165: =IF(ISBLANK(N165),1,0) -> 0 | Q165: 692008.64 | R165: 116337.87 | S165: =IF(D165="High Street",1,0) -> 1 | T165: =IF(D165="Mall",1,0) -> 0 | U165: =IF(D165="Residential",1,0) -> 0 | V165: =IF(C165="North",1,0) -> 0 | W165: =IF(C165="South",1,0) -> 1 | X165: =IF(C165="West",1,0) -> 0 | Y165: =IF(C165="East",1,0) -> 0
A166: STR-1042 | B166: 45658 | C166: North | D166: Mall | E166: 72150.53 | F166: 9323 | G166: 0.157 | H166: 22 | I166: 82.9 | J166: 11.37 | K166: =IF(ISBLANK(J166),MEDIAN($J$2:$J$321),J166) -> 11.37 | L166: =IF(ISBLANK(J166),1,0) -> 0 | M166: 1 | N166: 4.3 | O166: =IF(ISBLANK(N166),MEDIAN($N$2:$N$321),N166) -> 4.3 | P166: =IF(ISBLANK(N166),1,0) -> 0 | Q166: 825797.91 | R166: 130945.24 | S166: =IF(D166="High Street",1,0) -> 0 | T166: =IF(D166="Mall",1,0) -> 1 | U166: =IF(D166="Residential",1,0) -> 0 | V166: =IF(C166="North",1,0) -> 1 | W166: =IF(C166="South",1,0) -> 0 | X166: =IF(C166="West",1,0) -> 0 | Y166: =IF(C166="East",1,0) -> 0
A167: STR-1042 | B167: 45689 | C167: North | D167: Mall | E167: 35303.3 | F167: 8789 | G167: 0.123 | H167: 22 | I167: 86.1 | J167: 9.43 | K167: =IF(ISBLANK(J167),MEDIAN($J$2:$J$321),J167) -> 9.43 | L167: =IF(ISBLANK(J167),1,0) -> 0 | M167: 0 | N167: 4.2 | O167: =IF(ISBLANK(N167),MEDIAN($N$2:$N$321),N167) -> 4.2 | P167: =IF(ISBLANK(N167),1,0) -> 0 | Q167: 706285.52 | R167: 138014.72 | S167: =IF(D167="High Street",1,0) -> 0 | T167: =IF(D167="Mall",1,0) -> 1 | U167: =IF(D167="Residential",1,0) -> 0 | V167: =IF(C167="North",1,0) -> 1 | W167: =IF(C167="South",1,0) -> 0 | X167: =IF(C167="West",1,0) -> 0 | Y167: =IF(C167="East",1,0) -> 0
A168: STR-1042 | B168: 45717 | C168: North | D168: Mall | E168: 30301.86 | F168: 6939 | G168: 0.09 | H168: 16 | I168: 90.3 | J168: 3.49 | K168: =IF(ISBLANK(J168),MEDIAN($J$2:$J$321),J168) -> 3.49 | L168: =IF(ISBLANK(J168),1,0) -> 0 | M168: 0 | N168: 4 | O168: =IF(ISBLANK(N168),MEDIAN($N$2:$N$321),N168) -> 4 | P168: =IF(ISBLANK(N168),1,0) -> 0 | Q168: 665534.7 | R168: 113167.73 | S168: =IF(D168="High Street",1,0) -> 0 | T168: =IF(D168="Mall",1,0) -> 1 | U168: =IF(D168="Residential",1,0) -> 0 | V168: =IF(C168="North",1,0) -> 1 | W168: =IF(C168="South",1,0) -> 0 | X168: =IF(C168="West",1,0) -> 0 | Y168: =IF(C168="East",1,0) -> 0
A169: STR-1042 | B169: 45748 | C169: North | D169: Mall | E169: 78432.14 | F169: 9440 | G169: 0.126 | H169: 23 | I169: 89.2 | J169: 7.86 | K169: =IF(ISBLANK(J169),MEDIAN($J$2:$J$321),J169) -> 7.86 | L169: =IF(ISBLANK(J169),1,0) -> 0 | M169: 0 | N169: 4.1 | O169: =IF(ISBLANK(N169),MEDIAN($N$2:$N$321),N169) -> 4.1 | P169: =IF(ISBLANK(N169),1,0) -> 0 | Q169: 820729.29 | R169: 159325.47 | S169: =IF(D169="High Street",1,0) -> 0 | T169: =IF(D169="Mall",1,0) -> 1 | U169: =IF(D169="Residential",1,0) -> 0 | V169: =IF(C169="North",1,0) -> 1 | W169: =IF(C169="South",1,0) -> 0 | X169: =IF(C169="West",1,0) -> 0 | Y169: =IF(C169="East",1,0) -> 0
A170: STR-1043 | B170: 45658 | C170: East | D170: Residential | E170: 62059.18 | F170: 9374 | G170: 0.136 | H170: 25 | I170: 87.1 | J170: 12.55 | K170: =IF(ISBLANK(J170),MEDIAN($J$2:$J$321),J170) -> 12.55 | L170: =IF(ISBLANK(J170),1,0) -> 0 | M170: 0 | N170: 4.9 | O170: =IF(ISBLANK(N170),MEDIAN($N$2:$N$321),N170) -> 4.9 | P170: =IF(ISBLANK(N170),1,0) -> 0 | Q170: 739831.73 | R170: 119490.21 | S170: =IF(D170="High Street",1,0) -> 0 | T170: =IF(D170="Mall",1,0) -> 0 | U170: =IF(D170="Residential",1,0) -> 1 | V170: =IF(C170="North",1,0) -> 0 | W170: =IF(C170="South",1,0) -> 0 | X170: =IF(C170="West",1,0) -> 0 | Y170: =IF(C170="East",1,0) -> 1
A171: STR-1043 | B171: 45689 | C171: East | D171: Residential | E171: 32834.48 | F171: 7576 | G171: 0.099 | H171: 15 | I171: 84.1 | J171: 3.48 | K171: =IF(ISBLANK(J171),MEDIAN($J$2:$J$321),J171) -> 3.48 | L171: =IF(ISBLANK(J171),1,0) -> 0 | M171: 0 | N171: 5 | O171: =IF(ISBLANK(N171),MEDIAN($N$2:$N$321),N171) -> 5 | P171: =IF(ISBLANK(N171),1,0) -> 0 | Q171: 593637.14 | R171: 106648.14 | S171: =IF(D171="High Street",1,0) -> 0 | T171: =IF(D171="Mall",1,0) -> 0 | U171: =IF(D171="Residential",1,0) -> 1 | V171: =IF(C171="North",1,0) -> 0 | W171: =IF(C171="South",1,0) -> 0 | X171: =IF(C171="West",1,0) -> 0 | Y171: =IF(C171="East",1,0) -> 1
A172: STR-1043 | B172: 45717 | C172: East | D172: Residential | E172: 50825.08 | F172: 8949 | G172: 0.157 | H172: 21 | I172: 84.7 | J172: 7.73 | K172: =IF(ISBLANK(J172),MEDIAN($J$2:$J$321),J172) -> 7.73 | L172: =IF(ISBLANK(J172),1,0) -> 0 | M172: 0 | N172: 4.9 | O172: =IF(ISBLANK(N172),MEDIAN($N$2:$N$321),N172) -> 4.9 | P172: =IF(ISBLANK(N172),1,0) -> 0 | Q172: 769702.76 | R172: 158697 | S172: =IF(D172="High Street",1,0) -> 0 | T172: =IF(D172="Mall",1,0) -> 0 | U172: =IF(D172="Residential",1,0) -> 1 | V172: =IF(C172="North",1,0) -> 0 | W172: =IF(C172="South",1,0) -> 0 | X172: =IF(C172="West",1,0) -> 0 | Y172: =IF(C172="East",1,0) -> 1
A173: STR-1043 | B173: 45748 | C173: East | D173: Residential | E173: 36606.51 | F173: 7671 | G173: 0.118 | H173: 18 | I173: 89.8 | J173: 0.25 | K173: =IF(ISBLANK(J173),MEDIAN($J$2:$J$321),J173) -> 0.25 | L173: =IF(ISBLANK(J173),1,0) -> 0 | M173: 0 | N173: 4.4 | O173: =IF(ISBLANK(N173),MEDIAN($N$2:$N$321),N173) -> 4.4 | P173: =IF(ISBLANK(N173),1,0) -> 0 | Q173: 679731.57 | R173: 121546.42 | S173: =IF(D173="High Street",1,0) -> 0 | T173: =IF(D173="Mall",1,0) -> 0 | U173: =IF(D173="Residential",1,0) -> 1 | V173: =IF(C173="North",1,0) -> 0 | W173: =IF(C173="South",1,0) -> 0 | X173: =IF(C173="West",1,0) -> 0 | Y173: =IF(C173="East",1,0) -> 1
A174: STR-1044 | B174: 45658 | C174: East | D174: Residential | E174: 65237.79 | F174: 8741 | G174: 0.157 | H174: 20 | I174: 94.4 | J174: 6.43 | K174: =IF(ISBLANK(J174),MEDIAN($J$2:$J$321),J174) -> 6.43 | L174: =IF(ISBLANK(J174),1,0) -> 0 | M174: 0 | N174: 3.3 | O174: =IF(ISBLANK(N174),MEDIAN($N$2:$N$321),N174) -> 3.3 | P174: =IF(ISBLANK(N174),1,0) -> 0 | Q174: 780344.18 | R174: 118239.09 | S174: =IF(D174="High Street",1,0) -> 0 | T174: =IF(D174="Mall",1,0) -> 0 | U174: =IF(D174="Residential",1,0) -> 1 | V174: =IF(C174="North",1,0) -> 0 | W174: =IF(C174="South",1,0) -> 0 | X174: =IF(C174="West",1,0) -> 0 | Y174: =IF(C174="East",1,0) -> 1
A175: STR-1044 | B175: 45689 | C175: East | D175: Residential | E175: 43645.98 | F175: 9480 | G175: 0.109 | H175: 22 | I175: 89 | J175: 2.11 | K175: =IF(ISBLANK(J175),MEDIAN($J$2:$J$321),J175) -> 2.11 | L175: =IF(ISBLANK(J175),1,0) -> 0 | M175: 0 | N175: 3.1 | O175: =IF(ISBLANK(N175),MEDIAN($N$2:$N$321),N175) -> 3.1 | P175: =IF(ISBLANK(N175),1,0) -> 0 | Q175: 721364.11 | R175: 147272.81 | S175: =IF(D175="High Street",1,0) -> 0 | T175: =IF(D175="Mall",1,0) -> 0 | U175: =IF(D175="Residential",1,0) -> 1 | V175: =IF(C175="North",1,0) -> 0 | W175: =IF(C175="South",1,0) -> 0 | X175: =IF(C175="West",1,0) -> 0 | Y175: =IF(C175="East",1,0) -> 1
A176: STR-1044 | B176: 45717 | C176: East | D176: Residential | E176: 68040.15 | F176: 9826 | G176: 0.125 | H176: 20 | I176: 83.9 | J176: 9.12 | K176: =IF(ISBLANK(J176),MEDIAN($J$2:$J$321),J176) -> 9.12 | L176: =IF(ISBLANK(J176),1,0) -> 0 | M176: 0 | N176: 3.6 | O176: =IF(ISBLANK(N176),MEDIAN($N$2:$N$321),N176) -> 3.6 | P176: =IF(ISBLANK(N176),1,0) -> 0 | Q176: 758138.29 | R176: 132975.26 | S176: =IF(D176="High Street",1,0) -> 0 | T176: =IF(D176="Mall",1,0) -> 0 | U176: =IF(D176="Residential",1,0) -> 1 | V176: =IF(C176="North",1,0) -> 0 | W176: =IF(C176="South",1,0) -> 0 | X176: =IF(C176="West",1,0) -> 0 | Y176: =IF(C176="East",1,0) -> 1
... A196: STR-1049 | B196: 45717 | C196: West | D196: Residential | E196: 40220.18 | F196: 3783 | G196: 0.089 | H196: 14 | I196: 86.6 | J196: 3.63 | K196: =IF(ISBLANK(J196),MEDIAN($J$2:$J$321),J196) -> 3.63 | L196: =IF(ISBLANK(J196),1,0) -> 0 | M196: 0 | N196: 3.7 | O196: =IF(ISBLANK(N196),MEDIAN($N$2:$N$321),N196) -> 3.7 | P196: =IF(ISBLANK(N196),1,0) -> 0 | Q196: 559422.02 | R196: 73528.74 | S196: =IF(D196="High Street",1,0) -> 0 | T196: =IF(D196="Mall",1,0) -> 0 | U196: =IF(D196="Residential",1,0) -> 1 | V196: =IF(C196="North",1,0) -> 0 | W196: =IF(C196="South",1,0) -> 0 | X196: =IF(C196="West",1,0) -> 1 | Y196: =IF(C196="East",1,0) -> 0
...

Sheet Simple_regression_footfall
A1: footfall | B1: monthly_sales
A2: 8302 | B2: 658832.62
A3: 8487 | B3: 634436
A4: 9113 | B4: 678722.06
A5: 9431 | B5: 658920.3
A6: 9545 | B6: 741341.44 | D6: SUMMARY OUTPUT
A7: 9792 | B7: 761835.34
A8: 10616 | B8: 806615.54 | D8: Regression Statistics
A9: 8567 | B9: 850164.26 | D9: Multiple R | E9: 0.85807071
A10: 10979 | B10: 930581.7 | D10: R Square | E10: 0.73628534
A11: 9459 | B11: 779010.94 | D11: Adjusted R Square | E11: 0.73545605
A12: 9172 | B12: 723060.76 | D12: Standard Error | E12: 53373.736
A13: 11230 | B13: 910791.94 | D13: Observations | E13: 320
A14: 12775 | B14: 922168.6
A15: 10054 | B15: 726606.28 | D15: ANOVA
A16: 8895 | B16: 746501.09 | E16: df | F16: SS | G16: MS | H16: F | I16: Significance F
A17: 10940 | B17: 834017.02 | D17: Regression | E17: 1 | F17: 2.5292643e+12 | G17: 2.5292643e+12 | H17: 887.84878 | I17: 4.7503615e-94
A18: 7057 | B18: 666152.52 | D18: Residual | E18: 318 | F18: 9.0590432e+11 | G18: 2.8487557e+09
A19: 4263 | B19: 573155.19 | D19: Total | E19: 319 | F19: 3.4351686e+12
A20: 5538 | B20: 666573.2
A21: 4865 | B21: 591619.95 | E21: Coefficients | F21: Standard Error | G21: t Stat | H21: P-value | I21: Lower 95% | J21: Upper 95% | K21: Lower 95.0% | L21: Upper 95.0%
A22: 2822 | B22: 415721.82 | D22: Intercept | E22: 446410.58 | F22: 8407.7383 | G22: 53.095205 | H22: 4.0862696e-160 | I22: 429868.76 | J22: 462952.4 | K22: 429868.76 | L22: 462952.4
A23: 2121 | B23: 491905.13 | D23: footfall | E23: 35.678031 | F23: 1.1973783 | G23: 29.796791 | H23: 4.7503615e-94 | I23: 33.322247 | J23: 38.033815 | K23: 33.322247 | L23: 38.033815
A24: 3364 | B24: 555929.4
A25: 2613 | B25: 565810.99
A26: 10218 | B26: 811771.14
A27: 8927 | B27: 800451.94 | D27: RESIDUAL OUTPUT
A28: 9315 | B28: 783672.82
A29: 7223 | B29: 701641.97 | D29: Observation | E29: Predicted monthly_sales | F29: Residuals
A30: 3988 | B30: 511844.41 | D30: 1 | E30: 742609.6 | F30: -83776.977
A31: 2390 | B31: 537383.79 | D31: 2 | E31: 749210.03 | F31: -114774.03
A32: 2471 | B32: 500173.02 | D32: 3 | E32: 771544.48 | F32: -92822.42
A33: 971 | B33: 427917.38 | D33: 4 | E33: 782890.09 | F33: -123969.79
A34: 9429 | B34: 641865.03 | D34: 5 | E34: 786957.39 | F34: -45615.95
A35: 11695 | B35: 799477.76 | D35: 6 | E35: 795769.86 | F35: -33934.523
A36: 9449 | B36: 798952.17 | D36: 7 | E36: 825168.56 | F36: -18553.021
A37: 10453 | B37: 800979.78 | D37: 8 | E37: 752064.28 | F37: 98099.985
A38: 8838 | B38: 820593.93 | D38: 9 | E38: 838119.69 | F38: 92462.014
A39: 8156 | B39: 718330.53 | D39: 10 | E39: 783889.08 | F39: -4878.1389
A40: 7562 | B40: 736633.4 | D40: 11 | E40: 773649.48 | F40: -50588.724
A41: 9598 | B41: 828623.85 | D41: 12 | E41: 847074.87 | F41: 63717.068
... A321: 5317 | B321: 559660.84 | D321: 292 | E321: 699118.08 | F321: 2950.843
D322: 293 | E322: 583200.15 | F322: -36976.454
D323: 294 | E323: 530539.38 | F323: 2581.8798
D324: 295 | E324: 490330.24 | F324: 8640.0808
D325: 296 | E325: 507883.83 | F325: -20145.57
D326: 297 | E326: 656768.25 | F326: 11691.116
D327: 298 | E327: 657018 | F327: 106144.45
D328: 299 | E328: 621161.58 | F328: -22144.249
D329: 300 | E329: 498571.86 | F329: -96989.284
D330: 301 | E330: 740825.7 | F330: -37012.705
D331: 302 | E331: 731442.37 | F331: -7095.6432
D332: 303 | E332: 741396.54 | F332: -10506.534
D333: 304 | E333: 738363.91 | F333: 42217.039
... D349: 320 | E349: 636110.67 | F349: -76449.834

Sheet Simple_regression_marketing
A1: marketing_spend | B1: monthly_sales
A2: 70389.11 | B2: 658832.62
A3: 43827.89 | B3: 634436
A4: 59921.75 | B4: 678722.06
A5: 56856.63 | B5: 658920.3
A6: 48412.64 | B6: 741341.44 | D6: SUMMARY OUTPUT
A7: 64811.21 | B7: 761835.34
A8: 46213.45 | B8: 806615.54 | D8: Regression Statistics
A9: 68148.52 | B9: 850164.26 | D9: Multiple R | E9: 0.40895561
A10: 71838.86 | B10: 930581.7 | D10: R Square | E10: 0.16724469
A11: 68133.44 | B11: 779010.94 | D11: Adjusted R Square | E11: 0.16462596
A12: 34285.21 | B12: 723060.76 | D12: Standard Error | E12: 94846.034
A13: 67979.88 | B13: 910791.94 | D13: Observations | E13: 320
A14: 71828.26 | B14: 922168.6
A15: 55716.82 | B15: 726606.28 | D15: ANOVA
A16: 59909.51 | B16: 746501.09 | E16: df | F16: SS | G16: MS | H16: F | I16: Significance F
A17: 75305.71 | B17: 834017.02 | D17: Regression | E17: 1 | F17: 5.7451371e+11 | G17: 5.7451371e+11 | H17: 63.864873 | I17: 2.4800615e-14
A18: 48804.22 | B18: 666152.52 | D18: Residual | E18: 318 | F18: 2.8606549e+12 | G18: 8.9957701e+09
A19: 59117.9 | B19: 573155.19 | D19: Total | E19: 319 | F19: 3.4351686e+12
A20: 78831.12 | B20: 666573.2
A21: 41441.93 | B21: 591619.95 | E21: Coefficients | F21: Standard Error | G21: t Stat | H21: P-value | I21: Lower 95% | J21: Upper 95% | K21: Lower 95.0% | L21: Upper 95.0%
A22: 30356.28 | B22: 415721.82 | D22: Intercept | E22: 560777.35 | F22: 15906.906 | G22: 35.253703 | H22: 6.9528769e-112 | I22: 529481.27 | J22: 592073.42 | K22: 529481.27 | L22: 592073.42
A23: 33518.88 | B23: 491905.13 | D23: marketing_spend | E23: 2.1295753 | F23: 0.26647838 | G23: 7.9915501 | H23: 2.4800615e-14 | I23: 1.6052919 | J23: 2.6538587 | K23: 1.6052919 | L23: 2.6538587
A24: 42267.37 | B24: 555929.4
A25: 62060.43 | B25: 565810.99
A26: 57696.69 | B26: 811771.14
A27: 172415.52 | B27: 800451.94 | D27: RESIDUAL OUTPUT
A28: 55270.52 | B28: 783672.82
A29: 52715.1 | B29: 701641.97 | D29: Observation | E29: Predicted monthly_sales | F29: Residuals
A30: 68600.62 | B30: 511844.41 | D30: 1 | E30: 710676.26 | F30: -51843.637
A31: 63176.73 | B31: 537383.79 | D31: 2 | E31: 654112.14 | F31: -19676.139
A32: 44970.08 | B32: 500173.02 | D32: 3 | E32: 688385.23 | F32: -9663.1658
A33: 69816.35 | B33: 427917.38 | D33: 4 | E33: 681857.82 | F33: -22937.522
A34: 54597.83 | B34: 641865.03 | D34: 5 | E34: 663875.71 | F34: 77465.731
A35: 73771.91 | B35: 799477.76 | D35: 6 | E35: 698797.7 | F35: 63037.641
A36: 74413.88 | B36: 798952.17 | D36: 7 | E36: 659192.37 | F36: 147423.17
A37: 52483.77 | B37: 800979.78 | D37: 8 | E37: 705904.75 | F37: 144259.51
A38: 75269.87 | B38: 820593.93 | D38: 9 | E38: 713763.61 | F38: 216818.09
A39: 61245.41 | B39: 718330.53 | D39: 10 | E39: 705872.64 | F39: 73138.302
A40: 93381.26 | B40: 736633.4 | D40: 11 | E40: 633790.28 | F40: 89270.477
A41: 65012.19 | B41: 828623.85 | D41: 12 | E41: 705545.62 | F41: 205246.32
... A321: 40553.11 | B321: 559660.84 | D321: 292 | E321: 675946.72 | F321: 26122.203
D322: 293 | E322: 671507.43 | F322: -125283.73
D323: 294 | E323: 646179.45 | F323: -113058.19
D324: 295 | E324: 688180.28 | F324: -189209.96
D325: 296 | E325: 619124.05 | F325: -131385.79
D326: 297 | E326: 679180.8 | F326: -10721.427
D327: 298 | E327: 678921.09 | F327: 84241.355
D328: 299 | E328: 659109.85 | F328: -60092.517
D329: 300 | E329: 612660.15 | F329: -211077.57
D330: 301 | E330: 647339.62 | F330: 56473.369
D331: 302 | E331: 697042.44 | F331: 27304.291
D332: 303 | E332: 673312.09 | F332: 57577.918
D333: 304 | E333: 628917.9 | F333: 151663.05
... D349: 320 | E349: 647138.25 | F349: -87477.408

Sheet Simple_regression_avg_discount
A1: monthly_sales | B1: avg_discount_pct
A2: 658832.62 | B2: 0.042
A3: 634436 | B3: 0.168
A4: 678722.06 | B4: 0.133
A5: 658920.3 | B5: 0.142
A6: 741341.44 | B6: 0.231
A7: 761835.34 | B7: 0.112 | D7: SUMMARY OUTPUT
A8: 806615.54 | B8: 0.122
A9: 850164.26 | B9: 0.127 | D9: Regression Statistics
A10: 930581.7 | B10: 0.215 | D10: Multiple R | E10: 0.091052199
A11: 779010.94 | B11: 0.22 | D11: R Square | E11: 0.008290503
A12: 723060.76 | B12: 0.213 | D12: Adjusted R Square | E12: 0.0051719197
A13: 910791.94 | B13: 0.002 | D13: Standard Error | E13: 103502.94
A14: 922168.6 | B14: 0.116 | D14: Observations | E14: 320
A15: 726606.28 | B15: 0.146
A16: 746501.09 | B16: 0.228 | D16: ANOVA
A17: 834017.02 | B17: 0.006 | E17: df | F17: SS | G17: MS | H17: F | I17: Significance F
A18: 666152.52 | B18: 0.005 | D18: Regression | E18: 1 | F18: 2.8479276e+10 | G18: 2.8479276e+10 | H18: 2.6584196 | I18: 0.10399305
A19: 573155.19 | B19: 0.119 | D19: Residual | E19: 318 | F19: 3.4066893e+12 | G19: 1.071286e+10
A20: 666573.2 | B20: 0 | D20: Total | E20: 319 | F20: 3.4351686e+12
A21: 591619.95 | B21: 0.158
A22: 415721.82 | B22: 0.231 | E22: Coefficients | F22: Standard Error | G22: t Stat | H22: P-value | I22: Lower 95% | J22: Upper 95% | K22: Lower 95.0% | L22: Upper 95.0%
A23: 491905.13 | B23: 0.176 | D23: Intercept | E23: 697835.63 | F23: 12035.419 | G23: 57.981832 | H23: 3.8725944e-171 | I23: 674156.52 | J23: 721514.74 | K23: 674156.52 | L23: 721514.74
A24: 555929.4 | B24: 0.16 | D24: avg_discount_pct | E24: -138730.45 | F24: 85086.38 | G24: -1.6304661 | H24: 0.10399305 | I24: -306133.82 | J24: 28672.909 | K24: -306133.82 | L24: 28672.909
A25: 565810.99 | B25: 0.216
A26: 811771.14 | B26: 0.121
A27: 800451.94 | B27: 0.14
A28: 783672.82 | B28: 0.169 | D28: RESIDUAL OUTPUT
A29: 701641.97 | B29: 0.122
A30: 511844.41 | B30: 0.124 | D30: Observation | E30: Predicted monthly_sales | F30: Residuals
A31: 537383.79 | B31: 0.216 | D31: 1 | E31: 692008.95 | F31: -33176.33
A32: 500173.02 | B32: 0.136 | D32: 2 | E32: 674528.91 | F32: -40092.913
A33: 427917.38 | B33: 0.168 | D33: 3 | E33: 679384.48 | F33: -662.41911
A34: 641865.03 | B34: 0.188 | D34: 4 | E34: 678135.91 | F34: -19215.605
A35: 799477.76 | B35: 0.07 | D35: 5 | E35: 665788.89 | F35: 75552.545
A36: 798952.17 | B36: 0.039 | D36: 6 | E36: 682297.82 | F36: 79537.521
A37: 800979.78 | B37: 0.247 | D37: 7 | E37: 680910.51 | F37: 125705.03
A38: 820593.93 | B38: 0.092 | D38: 8 | E38: 680216.86 | F38: 169947.4
A39: 718330.53 | B39: 0.156 | D39: 9 | E39: 668008.58 | F39: 262573.12
A40: 736633.4 | B40: 0.198 | D40: 10 | E40: 667314.93 | F40: 111696.01
A41: 828623.85 | B41: 0.085 | D41: 11 | E41: 668286.04 | F41: 54774.717
A42: 592195.85 | B42: 0.218 | D42: 12 | E42: 697558.17 | F42: 213233.77
... A321: 559660.84 | B321: 0.165 | D321: 291 | E321: 693396.26 | F321: 119920.45
D322: 292 | E322: 697835.63 | F322: 4233.2904
D323: 293 | E323: 684517.51 | F323: -138293.81
D324: 294 | E324: 681326.71 | F324: -148205.45
D325: 295 | E325: 668147.31 | F325: -169176.99
D326: 296 | E326: 674112.72 | F326: -186374.46
D327: 297 | E327: 692841.33 | F327: -24381.963
D328: 298 | E328: 683685.12 | F328: 79477.327
D329: 299 | E329: 682020.36 | F329: -83003.028
D330: 300 | E330: 681604.17 | F330: -280021.59
D331: 301 | E331: 678274.64 | F331: 25538.355
D332: 302 | E332: 687569.58 | F332: 36777.154
D333: 303 | E333: 678690.83 | F333: 52199.183
... D350: 320 | E350: 674945.1 | F350: -115284.26

Sheet Multiple_regression
A1: monthly_sales | B1: marketing_spend | C1: footfall | D1: avg_discount_pct | E1: inventory_availability_pct | F1: clean_customer_rating | G1: staff_count | H1: holiday_flag | I1: store_type_high_street | J1: store_type_mall | K1: store_type_residential
A2: 658832.62 | B2: 70389.11 | C2: 8302 | D2: 0.042 | E2: 75 | F2: =Cleaned_data!O2 -> 3.1 | G2: 17 | H2: 1 | I2: =Dummy_variables!S2 -> 0 | J2: =Dummy_variables!T2 -> 0 | K2: =Dummy_variables!U2 -> 1
A3: 634436 | B3: 43827.89 | C3: 8487 | D3: 0.168 | E3: 84.4 | F3: =Cleaned_data!O3 -> 2.8 | G3: 23 | H3: 0 | I3: =Dummy_variables!S3 -> 0 | J3: =Dummy_variables!T3 -> 0 | K3: =Dummy_variables!U3 -> 1
A4: 678722.06 | B4: 59921.75 | C4: 9113 | D4: 0.133 | E4: 88 | F4: =Cleaned_data!O4 -> 3.2 | G4: 20 | H4: 0 | I4: =Dummy_variables!S4 -> 0 | J4: =Dummy_variables!T4 -> 0 | K4: =Dummy_variables!U4 -> 1
A5: 658920.3 | B5: 56856.63 | C5: 9431 | D5: 0.142 | E5: 86.9 | F5: =Cleaned_data!O5 -> 3.4 | G5: 23 | H5: 0 | I5: =Dummy_variables!S5 -> 0 | J5: =Dummy_variables!T5 -> 0 | K5: =Dummy_variables!U5 -> 1
A6: 741341.44 | B6: 48412.64 | C6: 9545 | D6: 0.231 | E6: 97.6 | F6: =Cleaned_data!O6 -> 4.2 | G6: 21 | H6: 1 | I6: =Dummy_variables!S6 -> 1 | J6: =Dummy_variables!T6 -> 0 | K6: =Dummy_variables!U6 -> 0 | M6: SUMMARY OUTPUT
A7: 761835.34 | B7: 64811.21 | C7: 9792 | D7: 0.112 | E7: 84.2 | F7: =Cleaned_data!O7 -> 4.2 | G7: 20 | H7: 0 | I7: =Dummy_variables!S7 -> 1 | J7: =Dummy_variables!T7 -> 0 | K7: =Dummy_variables!U7 -> 0
A8: 806615.54 | B8: 46213.45 | C8: 10616 | D8: 0.122 | E8: 85.2 | F8: =Cleaned_data!O8 -> 4.1 | G8: 22 | H8: 1 | I8: =Dummy_variables!S8 -> 1 | J8: =Dummy_variables!T8 -> 0 | K8: =Dummy_variables!U8 -> 0 | M8: Regression Statistics
A9: 850164.26 | B9: 68148.52 | C9: 8567 | D9: 0.127 | E9: 95.6 | F9: =Cleaned_data!O9 -> 3.9 | G9: 23 | H9: 0 | I9: =Dummy_variables!S9 -> 1 | J9: =Dummy_variables!T9 -> 0 | K9: =Dummy_variables!U9 -> 0 | M9: Multiple R | N9: 0.91001772
A10: 930581.7 | B10: 71838.86 | C10: 10979 | D10: 0.215 | E10: 88.6 | F10: =Cleaned_data!O10 -> 3.8 | G10: 26 | H10: 1 | I10: =Dummy_variables!S10 -> 0 | J10: =Dummy_variables!T10 -> 0 | K10: =Dummy_variables!U10 -> 0 | M10: R Square | N10: 0.82813225
A11: 779010.94 | B11: 68133.44 | C11: 9459 | D11: 0.22 | E11: 85 | F11: =Cleaned_data!O11 -> 4.2 | G11: 21 | H11: 0 | I11: =Dummy_variables!S11 -> 0 | J11: =Dummy_variables!T11 -> 0 | K11: =Dummy_variables!U11 -> 0 | M11: Adjusted R Square | N11: 0.82257019
A12: 723060.76 | B12: 34285.21 | C12: 9172 | D12: 0.213 | E12: 88.3 | F12: =Cleaned_data!O12 -> 3.8 | G12: 22 | H12: 1 | I12: =Dummy_variables!S12 -> 0 | J12: =Dummy_variables!T12 -> 0 | K12: =Dummy_variables!U12 -> 0 | M12: Standard Error | N12: 43711.125
A13: 910791.94 | B13: 67979.88 | C13: 11230 | D13: 0.002 | E13: 85.3 | F13: =Cleaned_data!O13 -> 3.8 | G13: 28 | H13: 0 | I13: =Dummy_variables!S13 -> 0 | J13: =Dummy_variables!T13 -> 0 | K13: =Dummy_variables!U13 -> 0 | M13: Observations | N13: 320
A14: 922168.6 | B14: 71828.26 | C14: 12775 | D14: 0.116 | E14: 81.7 | F14: =Cleaned_data!O14 -> 4.2 | G14: 30 | H14: 1 | I14: =Dummy_variables!S14 -> 0 | J14: =Dummy_variables!T14 -> 0 | K14: =Dummy_variables!U14 -> 1
A15: 726606.28 | B15: 55716.82 | C15: 10054 | D15: 0.146 | E15: 84.9 | F15: =Cleaned_data!O15 -> 4.3 | G15: 24 | H15: 0 | I15: =Dummy_variables!S15 -> 0 | J15: =Dummy_variables!T15 -> 0 | K15: =Dummy_variables!U15 -> 1 | M15: ANOVA
A16: 746501.09 | B16: 59909.51 | C16: 8895 | D16: 0.228 | E16: 88.8 | F16: =Cleaned_data!O16 -> 4.3 | G16: 23 | H16: 0 | I16: =Dummy_variables!S16 -> 0 | J16: =Dummy_variables!T16 -> 0 | K16: =Dummy_variables!U16 -> 1 | N16: df | O16: SS | P16: MS | Q16: F | R16: Significance F
A17: 834017.02 | B17: 75305.71 | C17: 10940 | D17: 0.006 | E17: 76.5 | F17: =Cleaned_data!O17 -> 4.5 | G17: 26 | H17: 0 | I17: =Dummy_variables!S17 -> 0 | J17: =Dummy_variables!T17 -> 0 | K17: =Dummy_variables!U17 -> 1 | M17: Regression | N17: 10 | O17: 2.8447739e+12 | P17: 2.8447739e+11 | Q17: 148.8894 | R17: 8.2337361e-112
A18: 666152.52 | B18: 48804.22 | C18: 7057 | D18: 0.005 | E18: 87.7 | F18: =Cleaned_data!O18 -> 3.7 | G18: 15 | H18: 0 | I18: =Dummy_variables!S18 -> 0 | J18: =Dummy_variables!T18 -> 0 | K18: =Dummy_variables!U18 -> 1 | M18: Residual | N18: 309 | O18: 5.903947e+11 | P18: 1.9106625e+09
A19: 573155.19 | B19: 59117.9 | C19: 4263 | D19: 0.119 | E19: 87.6 | F19: =Cleaned_data!O19 -> 3.6 | G19: 9 | H19: 0 | I19: =Dummy_variables!S19 -> 0 | J19: =Dummy_variables!T19 -> 0 | K19: =Dummy_variables!U19 -> 1 | M19: Total | N19: 319 | O19: 3.4351686e+12
A20: 666573.2 | B20: 78831.12 | C20: 5538 | D20: 0 | E20: 94.1 | F20: =Cleaned_data!O20 -> 3.9 | G20: 15 | H20: 0 | I20: =Dummy_variables!S20 -> 0 | J20: =Dummy_variables!T20 -> 0 | K20: =Dummy_variables!U20 -> 1
A21: 591619.95 | B21: 41441.93 | C21: 4865 | D21: 0.158 | E21: 88.3 | F21: =Cleaned_data!O21 -> 4 | G21: 16 | H21: 0 | I21: =Dummy_variables!S21 -> 0 | J21: =Dummy_variables!T21 -> 0 | K21: =Dummy_variables!U21 -> 1 | N21: Coefficients | O21: Standard Error | P21: t Stat | Q21: P-value | R21: Lower 95% | S21: Upper 95% | T21: Lower 95.0% | U21: Upper 95.0%
A22: 415721.82 | B22: 30356.28 | C22: 2822 | D22: 0.231 | E22: 84.8 | F22: =Cleaned_data!O22 -> 5 | G22: 9 | H22: 0 | I22: =Dummy_variables!S22 -> 0 | J22: =Dummy_variables!T22 -> 0 | K22: =Dummy_variables!U22 -> 1 | M22: Intercept | N22: 69706.911 | O22: 48461.984 | P22: 1.4383834 | Q22: 0.15133736 | R22: -25650.324 | S22: 165064.15 | T22: -25650.324 | U22: 165064.15
A23: 491905.13 | B23: 33518.88 | C23: 2121 | D23: 0.176 | E23: 88.5 | F23: =Cleaned_data!O23 -> 5 | G23: 8 | H23: 0 | I23: =Dummy_variables!S23 -> 0 | J23: =Dummy_variables!T23 -> 0 | K23: =Dummy_variables!U23 -> 1 | M23: marketing_spend | N23: 1.1609255 | O23: 0.12728741 | P23: 9.1205056 | Q23: 9.8346245e-18 | R23: 0.91046579 | S23: 1.4113852 | T23: 0.91046579 | U23: 1.4113852
A24: 555929.4 | B24: 42267.37 | C24: 3364 | D24: 0.16 | E24: 82 | F24: =Cleaned_data!O24 -> 4.6 | G24: 13 | H24: 1 | I24: =Dummy_variables!S24 -> 0 | J24: =Dummy_variables!T24 -> 0 | K24: =Dummy_variables!U24 -> 1 | M24: footfall | N24: 27.90495 | O24: 2.5073249 | P24: 11.129372 | Q24: 2.0293133e-24 | R24: 22.97136 | S24: 32.83854 | T24: 22.97136 | U24: 32.83854
A25: 565810.99 | B25: 62060.43 | C25: 2613 | D25: 0.216 | E25: 92.1 | F25: =Cleaned_data!O25 -> 4.7 | G25: 12 | H25: 0 | I25: =Dummy_variables!S25 -> 0 | J25: =Dummy_variables!T25 -> 0 | K25: =Dummy_variables!U25 -> 1 | M25: avg_discount_pct | N25: -73572.779 | O25: 36215.795 | P25: -2.0315108 | Q25: 0.043058663 | R25: -144833.54 | S25: -2312.0143 | T25: -144833.54 | U25: -2312.0143
A26: 811771.14 | B26: 57696.69 | C26: 10218 | D26: 0.121 | E26: 94.8 | F26: =Cleaned_data!O26 -> 3.5 | G26: 25 | H26: 0 | I26: =Dummy_variables!S26 -> 0 | J26: =Dummy_variables!T26 -> 1 | K26: =Dummy_variables!U26 -> 0 | M26: inventory_availability_pct | N26: 3129.922 | O26: 461.60043 | P26: 6.7805871 | Q26: 6.0853582e-11 | R26: 2221.6442 | S26: 4038.1997 | T26: 2221.6442 | U26: 4038.1997
A27: 800451.94 | B27: 172415.52 | C27: 8927 | D27: 0.14 | E27: 86.2 | F27: =Cleaned_data!O27 -> 3.9 | G27: 22 | H27: 0 | I27: =Dummy_variables!S27 -> 0 | J27: =Dummy_variables!T27 -> 1 | K27: =Dummy_variables!U27 -> 0 | M27: clean_customer_rating | N27: 12616.697 | O27: 4797.7601 | P27: 2.6297057 | Q27: 0.008973627 | R27: 3176.284 | S27: 22057.11 | T27: 3176.284 | U27: 22057.11
A28: 783672.82 | B28: 55270.52 | C28: 9315 | D28: 0.169 | E28: 91.9 | F28: =Cleaned_data!O28 -> 4 | G28: 23 | H28: 0 | I28: =Dummy_variables!S28 -> 0 | J28: =Dummy_variables!T28 -> 1 | K28: =Dummy_variables!U28 -> 0 | M28: staff_count | N28: 3184.9635 | O28: 1262.7517 | P28: 2.5222406 | Q28: 0.012163145 | R28: 700.28382 | S28: 5669.6432 | T28: 700.28382 | U28: 5669.6432
A29: 701641.97 | B29: 52715.1 | C29: 7223 | D29: 0.122 | E29: 84.2 | F29: =Cleaned_data!O29 -> 3.7 | G29: 16 | H29: 0 | I29: =Dummy_variables!S29 -> 0 | J29: =Dummy_variables!T29 -> 1 | K29: =Dummy_variables!U29 -> 0 | M29: holiday_flag | N29: 13822.072 | O29: 6642.1761 | P29: 2.0809554 | Q29: 0.038261307 | R29: 752.45539 | S29: 26891.689 | T29: 752.45539 | U29: 26891.689
A30: 511844.41 | B30: 68600.62 | C30: 3988 | D30: 0.124 | E30: 85 | F30: =Cleaned_data!O30 -> 3.6 | G30: 11 | H30: 0 | I30: =Dummy_variables!S30 -> 0 | J30: =Dummy_variables!T30 -> 0 | K30: =Dummy_variables!U30 -> 1 | M30: store_type_high_street | N30: -4555.9351 | O30: 6467.3404 | P30: -0.70445266 | Q30: 0.4816815 | R30: -17281.532 | S30: 8169.6622 | T30: -17281.532 | U30: 8169.6622
A31: 537383.79 | B31: 63176.73 | C31: 2390 | D31: 0.216 | E31: 87.5 | F31: =Cleaned_data!O31 -> 3.1 | G31: 9 | H31: 0 | I31: =Dummy_variables!S31 -> 0 | J31: =Dummy_variables!T31 -> 0 | K31: =Dummy_variables!U31 -> 1 | M31: store_type_mall | N31: 2922.414 | O31: 7277.0115 | P31: 0.40159535 | Q31: 0.68825946 | R31: -11396.35 | S31: 17241.178 | T31: -11396.35 | U31: 17241.178
A32: 500173.02 | B32: 44970.08 | C32: 2471 | D32: 0.136 | E32: 87.6 | F32: =Cleaned_data!O32 -> 3.7 | G32: 11 | H32: 1 | I32: =Dummy_variables!S32 -> 0 | J32: =Dummy_variables!T32 -> 0 | K32: =Dummy_variables!U32 -> 1 | M32: store_type_residential | N32: -26500.273 | O32: 6943.0994 | P32: -3.8167785 | Q32: 0.00016333454 | R32: -40162.007 | S32: -12838.538 | T32: -40162.007 | U32: -12838.538
A33: 427917.38 | B33: 69816.35 | C33: 971 | D33: 0.168 | E33: 89.9 | F33: =Cleaned_data!O33 -> 3.6 | G33: 5 | H33: 0 | I33: =Dummy_variables!S33 -> 0 | J33: =Dummy_variables!T33 -> 0 | K33: =Dummy_variables!U33 -> 1
A34: 641865.03 | B34: 54597.83 | C34: 9429 | D34: 0.188 | E34: 83.3 | F34: =Cleaned_data!O34 -> 4.2 | G34: 21 | H34: 0 | I34: =Dummy_variables!S34 -> 0 | J34: =Dummy_variables!T34 -> 0 | K34: =Dummy_variables!U34 -> 1
A35: 799477.76 | B35: 73771.91 | C35: 11695 | D35: 0.07 | E35: 84.7 | F35: =Cleaned_data!O35 -> 3.9 | G35: 25 | H35: 0 | I35: =Dummy_variables!S35 -> 0 | J35: =Dummy_variables!T35 -> 0 | K35: =Dummy_variables!U35 -> 1
A36: 798952.17 | B36: 74413.88 | C36: 9449 | D36: 0.039 | E36: 92.1 | F36: =Cleaned_data!O36 -> 3.5 | G36: 23 | H36: 0 | I36: =Dummy_variables!S36 -> 0 | J36: =Dummy_variables!T36 -> 0 | K36: =Dummy_variables!U36 -> 1 | M36: RESIDUAL OUTPUT
A37: 800979.78 | B37: 52483.77 | C37: 10453 | D37: 0.247 | E37: 99 | F37: =Cleaned_data!O37 -> 3.6 | G37: 25 | H37: 0 | I37: =Dummy_variables!S37 -> 0 | J37: =Dummy_variables!T37 -> 0 | K37: =Dummy_variables!U37 -> 1
A38: 820593.93 | B38: 75269.87 | C38: 8838 | D38: 0.092 | E38: 83.1 | F38: =Cleaned_data!O38 -> 4.2 | G38: 21 | H38: 1 | I38: =Dummy_variables!S38 -> 0 | J38: =Dummy_variables!T38 -> 1 | K38: =Dummy_variables!U38 -> 0 | M38: Observation | N38: Predicted monthly_sales | O38: Residuals
A39: 718330.53 | B39: 61245.41 | C39: 8156 | D39: 0.156 | E39: 92.9 | F39: =Cleaned_data!O39 -> 3.8 | G39: 19 | H39: 0 | I39: =Dummy_variables!S39 -> 0 | J39: =Dummy_variables!T39 -> 1 | K39: =Dummy_variables!U39 -> 0 | M39: 1 | N39: 695322.35 | O39: -36489.728
A40: 736633.4 | B40: 93381.26 | C40: 7562 | D40: 0.198 | E40: 82.9 | F40: =Cleaned_data!O40 -> 4 | G40: 19 | H40: 0 | I40: =Dummy_variables!S40 -> 0 | J40: =Dummy_variables!T40 -> 1 | K40: =Dummy_variables!U40 -> 0 | M40: 2 | N40: 691302.96 | O40: -56866.962
A41: 828623.85 | B41: 65012.19 | C41: 9598 | D41: 0.085 | E41: 98.3 | F41: =Cleaned_data!O41 -> 3.8 | G41: 24 | H41: 0 | I41: =Dummy_variables!S41 -> 0 | J41: =Dummy_variables!T41 -> 1 | K41: =Dummy_variables!U41 -> 0 | M41: 3 | N41: 736789.79 | O41: -58067.728
A42: 592195.85 | B42: 40462.94 | C42: 3660 | D42: 0.218 | E42: 95.2 | F42: =Cleaned_data!O42 -> 4.4 | G42: 11 | H42: 0 | I42: =Dummy_variables!S42 -> 0 | J42: =Dummy_variables!T42 -> 1 | K42: =Dummy_variables!U42 -> 0 | M42: 4 | N42: 750078.35 | O42: -91158.047
A43: 532644.46 | B43: 46123.88 | C43: 3227 | D43: 0.143 | E43: 75.4 | F43: =Cleaned_data!O43 -> 4.4 | G43: 10 | H43: 0 | I43: =Dummy_variables!S43 -> 0 | J43: =Dummy_variables!T43 -> 1 | K43: =Dummy_variables!U43 -> 0 | M43: 5 | N43: 814444.63 | O43: -73103.19
A44: 657429.18 | B44: 68077.54 | C44: 3360 | D44: 0.128 | E44: 88.2 | F44: =Cleaned_data!O44 -> 4 | G44: 14 | H44: 1 | I44: =Dummy_variables!S44 -> 0 | J44: =Dummy_variables!T44 -> 1 | K44: =Dummy_variables!U44 -> 0 | M44: 6 | N44: 785625.91 | O44: -23790.567
A45: 605178 | B45: 64882.14 | C45: 3642 | D45: 0.019 | E45: 87.8 | F45: =Cleaned_data!O45 -> 4.2 | G45: 13 | H45: 0 | I45: =Dummy_variables!S45 -> 0 | J45: =Dummy_variables!T45 -> 1 | K45: =Dummy_variables!U45 -> 0 | M45: 7 | N45: 808353.5 | O45: -1737.9553
A46: 595467.6 | B46: 138855.51 | C46: 5145 | D46: 0.06 | E46: 88.2 | F46: =Cleaned_data!O46 -> 3.2 | G46: 17 | H46: 0 | I46: =Dummy_variables!S46 -> 0 | J46: =Dummy_variables!T46 -> 0 | K46: =Dummy_variables!U46 -> 1 | M46: 8 | N46: 795664.11 | O46: 54500.148
A47: 599603.4 | B47: 63630.21 | C47: 4460 | D47: 0.235 | E47: 98.6 | F47: =Cleaned_data!O47 -> 3.5 | G47: 14 | H47: 0 | I47: =Dummy_variables!S47 -> 0 | J47: =Dummy_variables!T47 -> 0 | K47: =Dummy_variables!U47 -> 1 | M47: 9 | N47: 860986.5 | O47: 69595.205
A48: 614800.09 | B48: 50043.65 | C48: 3804 | D48: 0.113 | E48: 90.9 | F48: =Cleaned_data!O48 -> 3.2 | G48: 11 | H48: 1 | I48: =Dummy_variables!S48 -> 0 | J48: =Dummy_variables!T48 -> 0 | K48: =Dummy_variables!U48 -> 1 | M48: 10 | N48: 782489.4 | O48: -3478.4564
A49: 585365.73 | B49: 42093.84 | C49: 4074 | D49: 0.155 | E49: 88 | F49: =Cleaned_data!O49 -> 3.3 | G49: 15 | H49: 0 | I49: =Dummy_variables!S49 -> 0 | J49: =Dummy_variables!T49 -> 0 | K49: =Dummy_variables!U49 -> 1 | M49: 11 | N49: 757989.51 | O49: -34928.751
A50: 622811.74 | B50: 46624.05 | C50: 5104 | D50: 0.109 | E50: 97.3 | F50: =Cleaned_data!O50 -> 4.7 | G50: 11 | H50: 1 | I50: =Dummy_variables!S50 -> 0 | J50: =Dummy_variables!T50 -> 1 | K50: =Dummy_variables!U50 -> 0 | M50: 12 | N50: 865956.7 | O50: 44835.241
... A321: 559660.84 | B321: 40553.11 | C321: 5317 | D321: 0.165 | E321: 84.3 | F321: =Cleaned_data!O321 -> 4.1 | G321: 17 | H321: 0 | I321: =Dummy_variables!S321 -> 0 | J321: =Dummy_variables!T321 -> 0 | K321: =Dummy_variables!U321 -> 1 | M321: 283 | N321: 701514.55 | O321: 12569.13
M322: 284 | N322: 503471.09 | O322: -6031.2693
M323: 285 | N323: 645177.93 | O323: -8402.2679
M324: 286 | N324: 616220.06 | O324: 16789.465
M325: 287 | N325: 599965.57 | O325: 9983.4284
M326: 288 | N326: 552033.24 | O326: -3929.5401
M327: 289 | N327: 689253.31 | O327: 40171.113
M328: 290 | N328: 718900.71 | O328: -22639.216
M329: 291 | N329: 733698.78 | O329: 79617.928
M330: 292 | N330: 706746.65 | O330: -4677.7265
M331: 293 | N331: 583614.43 | O331: -37390.734
M332: 294 | N332: 528031.02 | O332: 5090.2405
M333: 295 | N333: 509775.85 | O333: -10805.528
... M358: 320 | N358: 596242.15 | O358: -36581.306
